CVE Estado,Estado,sector,  PM10,  PM2.5,  SO2,  CO,  NOX,  COV,  NH3
1,Aguascalientes,"Accesorios, aparatos eléctricos y equipos de generación eléctrica",0.467644,0.333042,0,0.0533,0.0936,7.941812,0
1,Aguascalientes,Alimentos y bebidas,12.716805,6.78704,367.2357809,19.53464,54.15554,1.6719,1.059
1,Aguascalientes,Automotriz ,135.4579586,94.72422608,0.3244,49.032,61.8213,801.4091347,1.7092
1,Aguascalientes,Cemento y cal ,75.669356,50.994566,1329.3097,56.2263,2406.254,6.5221,0.2722
1,Aguascalientes,Industria textil,30.6968056,26.3526308,65.8132,11.1952,19.1816,0.6017,0.4168
1,Aguascalientes,Manejo de desechos y remediación,4.0888696,2.9325128,1.6372952,3.7594,2.0670869,0.0912,0.0445
1,Aguascalientes,Metálico,13.2753554,10.3570022,0.0112,25.2359,43.506,154.5196588,0.0542
1,Aguascalientes,Metalúrgica (incluye la siderúrgica) ,63.40516807,46.08800296,5.742227134,15.58472362,23.99056808,4.123415028,0.336999898
1,Aguascalientes,Mezclas químicas,0.0017,0.0017,0,0.0179,0.0315,0.24572,0
1,Aguascalientes,Minerales no metálicos,130.4319818,89.41038346,219.4411,28.4825,93.3169,29.874122,0.8358
1,Aguascalientes,Papel y cartón,1.762496,1.6957425,0.0305,0.4364,0.8264,425.6011,0.0043
1,Aguascalientes,Petróleo y petroquímica,0,0,0,0,0,29.8528074,0
1,Aguascalientes,Pinturas y tintas ,0.590604192,0.569137373,0,0.019,0.0334,0.47528,0
1,Aguascalientes,Plástico y hule,3.1910346,2.2550153,1.9366,7.4247,2.285,12.2994,0.0354
1,Aguascalientes,Química ,2.869656092,1.712457722,0.5622,5.7394,11.1493,3.207606815,0.1771
1,Aguascalientes,Tratamiento de residuos peligrosos ,0.0009,0.0009,0,0.009,0.0157,0.0004,0
2,Baja California,"Accesorios, aparatos eléctricos y equipos de generación eléctrica",116.8377711,65.0302561,0.7322388,59.9936856,41.189,1175.852897,0
2,Baja California,Alimentos y bebidas,11.8168516,6.7943286,121.75472,1036.284959,1191.27887,109.90074,0
2,Baja California,Automotriz ,13.1971364,11.15120593,0.3949,55.3001,62.6884,3478.85849,2.1134
2,Baja California,Celulosa y papel ,20.55736,16.07137757,114.7621,33.2747,54.0625,137.0886595,1.3939
2,Baja California,Cemento y cal ,1.626273269,1.008289427,6.15315499,26.98513575,93.30818716,1.4519,0
2,Baja California,"Cuero, piel y materiales sucedáneos",0.18695,0.18695,0,0,0,0.001294,0
2,Baja California,Derivados del petróleo y carbón,0.00578,0.00578,0,190.64284,0.66765,171.72426,0
2,Baja California,Extracción/Beneficio minerales no metálicos,395.977403,198.876768,302.39944,9.4158,312.86138,44.36706,0
2,Baja California,Generación de energía eléctrica ,1934.6316,1929.157688,32.3993,3300.3599,8214.81576,97.384,12.2145
2,Baja California,Impresión,3.81517,2.718545,0,9.03905,0.003,107.93259,0
2,Baja California,Industria de la madera,161.3246,100.71349,0.28572,121.819578,5.015076,864.518039,0
2,Baja California,Industria textil,12.59145,6.32095,0.0016,11.671559,6.47624,44.076225,0
2,Baja California,Manejo de desechos y remediación,1.059155,0.7948375,1.74823,113.13663,0.52115,5.19831,0
2,Baja California,Metálico,36.7359754,25.6066854,22.72058,66.6447318,6.718371,522.6946795,0
2,Baja California,Metalúrgica (incluye la siderúrgica) ,5.129626183,4.565268503,10.2304229,28.12002906,35.63198961,1.460769335,0.793192583
2,Baja California,Mezclas químicas,164.695125,82.5146375,166.66405,168.67395,2.15374,22.4316,0
2,Baja California,Minerales no metálicos,331.8424164,232.8535614,29.045352,3043.57876,362.65672,391.14408,0
2,Baja California,"Muebles, colchones y persianas",0.251008,0.251008,0,0,0,9.10772,0
2,Baja California,Otras industrias,2.63742,2.63742,0.115,11.91833,3.39942,242.67132,0
2,Baja California,Papel y cartón,6.69241,5.57791,6.192,6.76464,5.875,22.510359,0
2,Baja California,Petróleo y petroquímica,0.0101,0.00135,0.0134,0.0323,0.1472,118.1441705,0.0007
2,Baja California,Pinturas y tintas ,0,0,0,0,0,0.005376,0
2,Baja California,Plástico y hule,18.4306514,17.8688939,18.26458,99.998611,88.866147,649.088145,0
2,Baja California,Química ,1.136,1.136,0.0135,12.1427,20.3076,0.1167,0.0682
2,Baja California,Tratamiento de residuos peligrosos ,0.0236,0.0236,0,0.2511,0.4409,0.0108,0
2,Baja California,Vidrio,66.92121752,66.01881492,1.2048,168.6356,1673.424832,11.175954,6.4455
3,Baja California Sur,Alimentos y bebidas,40.977967,6.301537,37.75200259,107.9623,497.9137,30.8426,0.9231
3,Baja California Sur,Generación de energía eléctrica ,2088.114932,1055.354334,32769.7195,5314.5623,25939.22906,113.8665,14.6187
3,Baja California Sur,Metalúrgica (incluye la siderúrgica) ,0.318056499,0.079514125,1.806560915,1.590282496,6.361129982,0.0636113,0.254445199
3,Baja California Sur,Petróleo y petroquímica,0,0,0,0,0,25.93248509,0
3,Baja California Sur,Plástico y hule,0.0374,0.0094,0.2127,0.1872,0.7488,0.0075,0.03
3,Baja California Sur,Química ,35.4823,4.4352875,33.1445,108.5343,504.2662,32.5156,0
4,Campeche,Alimentos y bebidas,1049.210345,598.9804344,0.344507292,1.340799794,107.827035,1.038178462,0
4,Campeche,Extracción/Beneficio minerales no metálicos,317.9880031,205.3741131,30.48230392,102.1876646,462.1238741,41.43963401,0
4,Campeche,Generación de energía eléctrica ,592.6592,416.175875,9828.2626,257.1714,1153.429669,17.8159,13.1388
4,Campeche,Industria textil,0.195228166,0.128528166,3.44346636,0.072647815,0.393784713,0.006977639,0.0046
4,Campeche,Metálico,0.096,0.024,0.5453,0.48,1.92,0.0192,0.0769
4,Campeche,Minerales no metálicos,105.9370086,105.9370086,98.0009025,363.8537934,1500.187683,268.3069249,0
4,Campeche,Otras industrias,0.711923992,0.705359119,2.290411205,1.8235758,8.75316384,0.072943032,0.291346627
4,Campeche,Petróleo y petroquímica,1964.5791,1877.73858,98994.5573,3314.0671,13826.3366,155.7528106,11.5619
4,Campeche,Química ,604.3743,604.3743,8.2415,946.84,1477.97016,24.2479,0
5,Coahuila de Zaragoza,"Accesorios, aparatos eléctricos y equipos de generación eléctrica",5.5797,4.3974,0.0793,11.0495,13.1545,50.309034,0.4228
5,Coahuila de Zaragoza,Alimentos y bebidas,19.62060551,18.67279751,88.93041567,217.4650803,523.1301909,23.653538,6.788922134
5,Coahuila de Zaragoza,Automotriz ,368.1152304,262.8301855,2.005415,109.492677,150.2682,1797.158211,3.6287
5,Coahuila de Zaragoza,Celulosa y papel ,8.45797084,7.494156625,0.2885,40.3933,38.1714,263.130985,1.5439
5,Coahuila de Zaragoza,Cemento y cal ,382.8166216,245.4981689,441.5232344,218.9686179,2550.352019,16.3761,6.0082
5,Coahuila de Zaragoza,Extracción/Beneficio minerales no metálicos,8.4181,3.60395,339.503,13.7374,81.727,3.4293,0.4508
5,Coahuila de Zaragoza,Generación de energía eléctrica ,3992.9443,1147.1305,135424.2697,7113.3799,24764.08334,115.2987,5.8087
5,Coahuila de Zaragoza,Industria textil,5.3636,4.7143,0.243409331,34.324,42.3389,2.235,1.2998
5,Coahuila de Zaragoza,Manejo de desechos y remediación,0.1715,0.0429,0.9742,0.8576,3.4304,0.0343,0.1372
5,Coahuila de Zaragoza,Metálico,66.81786267,57.62006657,0.192511973,46.7794343,151.7240456,99.40536101,1.011692554
5,Coahuila de Zaragoza,Metalúrgica (incluye la siderúrgica) ,17854.80585,13090.98015,8600.469691,16755.37518,34064.50353,3340.588548,371.991234
5,Coahuila de Zaragoza,Minerales no metálicos,34.4953,25.2184,14.5291,29.6199,36.439,1.9382,1.1469
5,Coahuila de Zaragoza,Petróleo y petroquímica,0.7935,0.7935,0.0627,8.7696,10.4399,51.73464388,0.3354
5,Coahuila de Zaragoza,Plástico y hule,4.532929,3.499988,0.03331673,4.8007,6.4495,16.397366,0.1775
5,Coahuila de Zaragoza,Química ,27.0127,24.5088,193.6485,201.8878,471.7424,13.3142,7.9258
5,Coahuila de Zaragoza,Tratamiento de residuos peligrosos ,0.0631,0.0631,0.0024,0.682,1.1447,0.0369,0.0127
5,Coahuila de Zaragoza,Vidrio,5.0933,5.0933,0.4021,56.2926,157.4844,3.6859,2.1514
6,Colima,Alimentos y bebidas,2341.5301,1336.607675,533.2078,400.9096,282.7211,0.219,0.8377
6,Colima,Almacenamiento de combustibles,0.21427104,0.21229518,0.6893556,0.54885,2.63448,0.021954,0.087687935
6,Colima,Cemento y cal ,32.04604187,21.51027603,28.93769378,17.5553,1102.302153,2.0515,0.0314
6,Colima,Extracción/Beneficio minerales no metálicos,4.3492,2.15438,0.0609,0.0536,0.2146,0.0021,0.0086
6,Colima,Generación de energía eléctrica ,1872.3968,1696.7605,13709.0661,2172.2175,5320.1781,116.0295,48.6331
6,Colima,Manejo de desechos y remediación,0.07705,0.07705,0,0.0104,0.0342,0.0002,0
6,Colima,Metalúrgica (incluye la siderúrgica) ,224.3161268,167.1771026,1948.58171,31.312242,320.199862,2.682590352,4.39968672
6,Colima,Minerales no metálicos,16.140624,9.41018328,0,0,0,0,0
6,Colima,Petróleo y petroquímica,0.0108,0.00135,0.0102,0.0333,0.1544,158.8122889,0
6,Colima,Plástico y hule,0,0,0,0,0,0.02025,0
6,Colima,Química ,3.6149,3.4686,7.4638,35.558,43.0626,2.3262,1.3726
6,Colima,Tratamiento de residuos peligrosos ,0,0,0,0,0,0,0
7,Chiapas,Alimentos y bebidas,5005.483046,2835.446953,330.1303699,810.8433212,557.1237036,81.68537407,35.57567434
7,Chiapas,Celulosa y papel ,3.6367,2.3676,65.3783,0.5619,6.0801,0.0313,0.0898
7,Chiapas,Cemento y cal ,45.14456139,29.89676755,767.840925,2.7402,95.907,0.3197,0
7,Chiapas,Papel y cartón,0.867,0.5646,60.1236,0.5038,5.5428,21.7008,0.0806
7,Chiapas,Petróleo y petroquímica,219.8952,219.88315,10866.9866,1022.4787,2677.7367,105.6897637,30.1928
7,Chiapas,Química ,0.0013,0.0003,0.0075,0.0066,0.0264,0.0003,0.0011
8,Chihuahua,"Accesorios, aparatos eléctricos y equipos de generación eléctrica",52.65621138,52.65621138,0.03429105,10258.70602,99.29234252,172.9365195,0
8,Chihuahua,Alimentos y bebidas,7.2610184,7.2610184,7.1865842,2085.073258,250.8122624,4.325523902,0
8,Chihuahua,Asbesto ,0.006,0.006,0.0005,0.0665,0.0792,0.0044,0.0025
8,Chihuahua,Automotriz ,35.40688145,28.44636183,0.942527894,140.1606304,149.4634684,432.8752705,4.771561347
8,Chihuahua,Celulosa y papel ,29.54419851,25.96642809,14.1737,130.1903,294.1911,56.703539,4.9896
8,Chihuahua,Cemento y cal ,988.359478,565.1049124,2588.596066,213.5022814,1097.542288,0.2173,0.1476
8,Chihuahua,"Cuero, piel y materiales sucedáneos",0.11391837,0.11391837,0,0.07167474,0,0,0
8,Chihuahua,Derivados del petróleo y carbón,0,0,14.7286537,23.85304,3.65584,0,0
8,Chihuahua,Extracción/Beneficio minerales no metálicos,12.69922485,7.6894389,0,0,0,0,0
8,Chihuahua,Generación de energía eléctrica ,2023.7799,1722.784325,9975.605,3334.7966,7421.11038,175.4077,91.9653
8,Chihuahua,Impresión,0,0,0,4.34E-05,0,0.255255548,0
8,Chihuahua,Industria de la madera,11.5555,11.5555,8.76475,1517.442155,83.44725,13.95814,0
8,Chihuahua,Industria textil,13.19682569,11.77025212,0.767430814,417.9003161,0.3442524,0.893871535,0.013769376
8,Chihuahua,Manejo de desechos y remediación,0.0072,0.0072,0.00000034,314.2886708,0.000000894,0.008205,0
8,Chihuahua,Metálico,25.00548121,25.00548121,2.85459899,2163.625041,3325.906057,233.1751786,0
8,Chihuahua,Metalúrgica (incluye la siderúrgica) ,32.9729968,24.75330512,4.138674449,46.49016556,76.78267255,5.917639117,0.713051026
8,Chihuahua,Mezclas químicas,0,0,0,16.254,0,0,0
8,Chihuahua,Minerales no metálicos,141.5467431,85.70720222,0,219.731536,137.195408,2.6566496,0
8,Chihuahua,Papel y cartón,3.4227537,3.4227537,1.20232,435.9341743,3178.33071,132.590118,0
8,Chihuahua,Petróleo y petroquímica,0,0,0,0,0,145.5902966,0
8,Chihuahua,Pinturas y tintas ,0.06078685,0.03358323,0,0,0,1.422,0
8,Chihuahua,Plástico y hule,9.177568976,9.177568976,1.16E-05,720.1397088,4408.635371,98.26518211,0
8,Chihuahua,Química ,1.3217,1.3217,0.0951,14.5557,17.8844,0.872,0.5088
8,Chihuahua,Tratamiento de residuos peligrosos ,0.0041,0.0015,0.0191,0.0239,0.0796,0.001,0.0027
9,Ciudad de México,"Accesorios, aparatos eléctricos y equipos de generación eléctrica",18.02546141,16.53162154,1.211551132,8.335753634,12.67942705,134.3791733,0.209142189
9,Ciudad de México,Alimentos y bebidas,130.0017305,84.05727315,6.425565073,176.1980693,219.5239344,499.2041435,5.854154902
9,Ciudad de México,Asbesto ,0.149846859,0.106250299,0,0,0,0,0
9,Ciudad de México,Automotriz ,13.17231942,9.84151096,0.0826,12.159,24.8185,679.681668,0.4042
9,Ciudad de México,Celulosa y papel ,6.5960944,5.623807695,0.1381,19.3465,23.0313,1.2666,0.7395
9,Ciudad de México,"Cuero, piel y materiales sucedáneos",0.232609526,0.232609526,3.43E-05,0.008706131,0.015280918,2.2731463,0
9,Ciudad de México,Derivados del petróleo y carbón,4.716254332,2.966139313,0.220648499,15.04071406,5.571769459,0.34596419,0.043103296
9,Ciudad de México,Extracción/Beneficio minerales no metálicos,0.020420125,0.015693244,0.012851592,0.070150457,0.377862456,0.008935371,0.015126018
9,Ciudad de México,Generación de energía eléctrica ,31.3467,31.3467,0.5162,149.203,836.76174,32.6313,0
9,Ciudad de México,Impresión,8.97234105,8.735258439,0.669085512,8.870969788,11.33068966,4326.623926,0.171007115
9,Ciudad de México,Industria de la madera,0.379912434,0.000111528,0.000954036,0.000671856,0.002687424,14.12217985,0.000107497
9,Ciudad de México,Industria textil,3.593182385,3.5433118,0.875086755,26.17724972,28.67844858,598.3767159,0.587721571
9,Ciudad de México,Manejo de desechos y remediación,0.000119021,0.000119021,1.84E-05,0.004672162,0.008200533,0.25639943,0
9,Ciudad de México,Metálico,5.43946693,4.590383721,0.312791056,13.00016944,13.10901645,464.0811554,0.247334012
9,Ciudad de México,Metalúrgica (incluye la siderúrgica) ,42.12321588,32.55121722,1.5983,26.6044,39.2844,352.496518,0.6803
9,Ciudad de México,Mezclas químicas,0.290279525,0.236913807,0.78633167,1.022747196,2.825646204,39.03861021,0.089494169
9,Ciudad de México,Minerales no metálicos,395.1734896,270.9840758,0.106637853,1.639746062,9.829989148,518.6428899,0.055365899
9,Ciudad de México,"Muebles, colchones y persianas",7.517789392,7.259971823,0.028874986,2.332977709,3.493002513,79.90703691,0.034631219
9,Ciudad de México,Otras industrias,133.0512578,120.0096696,76.70219323,357.2740406,381.7215812,2599.059762,4.958273806
9,Ciudad de México,Papel y cartón,1.823883558,1.702779846,0.487936362,4.596875528,8.129441652,376.9080535,0.196230371
9,Ciudad de México,Petróleo y petroquímica,0.0014,0.0004,0.0081,0.0071,0.0285,292.3361726,0.0011
9,Ciudad de México,Pinturas y tintas ,20.1388628,13.323026,0.2,0.6044,1.2064,874.8038193,0.0443
9,Ciudad de México,Plástico y hule,7.196654963,6.873626389,0.536065774,8.34145439,14.40490363,591.1202777,0.210282967
9,Ciudad de México,Química ,35.48019004,16.66466705,1.707,59.5549,93.3026,3.45985662,2.0136
9,Ciudad de México,Tratamiento de residuos peligrosos ,0.003,0.003,0,0.0327,0.0575,0.0014,0
9,Ciudad de México,Vidrio,24.63610025,24.26129589,0.0982,13.8069,466.7290316,0.9039,0.5275
10,Durango,"Accesorios, aparatos eléctricos y equipos de generación eléctrica",12.61996611,4.379280705,0.0093,1.2924,1.5449,0.2822,0.0489
10,Durango,Alimentos y bebidas,15.66760927,7.7825603,0.811838766,99.54889822,87.24458805,3.35277435,2.022935338
10,Durango,Automotriz ,0.8796,0.8796,0.069,9.713,5.837451472,0.681661771,0.3707
10,Durango,Celulosa y papel ,59.80442,56.44369724,0.811,99.9644,264.8225,4.0702,1.4479
10,Durango,Cemento y cal ,14.37339293,9.903656103,0.0526,7.3635,5.7809,0.4822,0.2815
10,Durango,Extracción/Beneficio minerales no metálicos,12.23760642,11.63622562,0.1639,1.8533,2.5811,0.1178,0.087
10,Durango,Generación de energía eléctrica ,1464.811,1159.099,14965.991,2333.9222,3588.01198,131.2374,71.9397
10,Durango,Industria de la madera,65.83093132,61.2429699,5.059695418,840.6185779,92.83145393,2475.076251,36.66092985
10,Durango,Industria textil,15.33977648,14.69008228,0.2724,38.0173,73.72463162,2.488,1.4529
10,Durango,Manejo de desechos y remediación,0.0875,0.0875,0.0068,0.9671,1.1568,0.0627,0.0366
10,Durango,Metálico,2.827111895,2.669943134,0.009727014,0.127393971,0.209400366,18.68514768,0.001198304
10,Durango,Metalúrgica (incluye la siderúrgica) ,297.6975806,123.5568279,0.941365286,6.336862576,8.3002384,0.403032272,0.242586751
10,Durango,Mezclas químicas,0.0028,0.0025,0.002,0.0273,0.0519,0.0001,0.0003
10,Durango,Minerales no metálicos,0.0012,0.0012,0,0.0128,0.0224,0,0
10,Durango,Petróleo y petroquímica,0,0,0,0,0,70.37058802,0
10,Durango,Plástico y hule,0.1213,0.1213,0.0088,1.3374,1.6503,3.4693,0.047
10,Durango,Química ,3.3586,2.5213,163.3154,12.3508,28.4403,0.7921,0.6519
11,Guanajuato,"Accesorios, aparatos eléctricos y equipos de generación eléctrica",3.81321618,2.60037649,0.451779,2.127911,4.473994,5.426787,0.102
11,Guanajuato,Alimentos y bebidas,53.18831145,19.36273538,693.696793,2055.10029,367.0379256,8.617096711,3.6898
11,Guanajuato,Automotriz ,366.6376683,284.1071238,1.0005,113.3007,148.0259,4348.870688,3.267
11,Guanajuato,Celulosa y papel ,5.279302,4.780847322,0.2029,28.8659,33.7413,164.642745,1.0689
11,Guanajuato,Cemento y cal ,4.816911164,3.246179263,0,0,0,0,0
11,Guanajuato,"Cuero, piel y materiales sucedáneos",36.67598875,25.5150864,1.018385,7.48100622,13.71367,309.1471872,0.0888
11,Guanajuato,Derivados del petróleo y carbón,0.9378,0.557,10.356,3.3033,11.6193,0.31528,0.1745
11,Guanajuato,Generación de energía eléctrica ,1372.2156,1357.4587,780.5072,1079.191398,1879.550705,65.3356,8.2033
11,Guanajuato,Impresión,2.071541144,1.510597292,0.014,0.862914,1.9369,61.6617883,0.0619
11,Guanajuato,Industria de la madera,0.0006,0,0,0.0073,0.0128,0,0
11,Guanajuato,Industria textil,12.34949486,8.74617423,33.7048005,29.66487,44.6963,163.617162,0.3546
11,Guanajuato,Manejo de desechos y remediación,0.0025,0.0005,0.00528,0.01102,0.02624,0.0003,0.0016
11,Guanajuato,Metálico,25.88837463,18.28055748,0.0114,84.19588,47.81587,10.675211,0.04
11,Guanajuato,Metalúrgica (incluye la siderúrgica) ,11.79622408,11.71653968,0.89891189,126.8756647,135.376144,19.08992566,4.811467481
11,Guanajuato,Mezclas químicas,1.492121016,1.441431809,1.9235,10.46508901,14.15638,3.142558,0.6339
11,Guanajuato,Minerales no metálicos,46.62106089,30.71712164,0.706738,1993.32306,646.0629,5.5785,3.2564
11,Guanajuato,Papel y cartón,0.2385,0.2188,0.0191,0.3896,0.8423,0.1584,0.0927
11,Guanajuato,Petróleo y petroquímica,1295.6178,762.085256,15777.9718,1134.4564,2803.8178,5473.686608,55.8771
11,Guanajuato,Pinturas y tintas ,5.59482144,3.1948122,0.0181,2.5462,3.0314,23.7539959,0.0973
11,Guanajuato,Plástico y hule,13.82527949,9.328799184,0.0203,5.573407,9.7097,100.505925,0.0898
11,Guanajuato,Química ,82.85778165,57.91623164,2.7821,211.1911,787.737,1292.977909,7.5572
11,Guanajuato,Tratamiento de residuos peligrosos ,0.0079,0.0023,0.0419,0.0422,0.1567,0.24175,0.0059
12,Guerrero,Alimentos y bebidas,0.3517,0.1912,1.215982553,1.8408,8.822,0.1208,0.1714
12,Guerrero,Cemento y cal ,185.199797,116.2150698,88.850345,10.817,476.6028,0.1213,0.0592
12,Guerrero,Generación de energía eléctrica ,5576.6257,3165.029788,62420.2536,3734.3877,24642.7583,0.4374,2.9174
12,Guerrero,Manejo de desechos y remediación,0.003306532,0.003276041,0.010637818,0.0084696,0.04065408,0.000338784,0.00135316
12,Guerrero,Metalúrgica (incluye la siderúrgica) ,156.0448066,98.00285665,0.314525814,0.550590072,0.92858776,0,0
12,Guerrero,Petróleo y petroquímica,0,0,0,0,0,41.61394357,0
12,Guerrero,Tratamiento de residuos peligrosos ,0,0,0,0,0,0,0
13,Hidalgo,"Accesorios, aparatos eléctricos y equipos de generación eléctrica",0.0619,0.0597,0,0.0014,0.0025,1.67243,0
13,Hidalgo,Alimentos y bebidas,6.785482,5.078652,72.6314,28.4343,43.7087,33.3765,1.3104
13,Hidalgo,Asbesto ,5.24E-05,3.72E-05,0,0.0003,0.0005,0,0
13,Hidalgo,Automotriz ,1.446922,1.255771,7.3205,29.7271,204.5452,8.52284,0.0455
13,Hidalgo,Celulosa y papel ,36.1486756,31.30416833,1.3586,135.1516,369.6581,379.1849937,5.2082
13,Hidalgo,Cemento y cal ,421.1037612,305.8589774,6134.871384,3982.03168,6963.104512,52.4807,6.5722
13,Hidalgo,"Cuero, piel y materiales sucedáneos",0,0,0,0,0,2.779636,0
13,Hidalgo,Derivados del petróleo y carbón,0.9604,0.5682,0.0322,0.0749,0.3408,0.0195,0.0018
13,Hidalgo,Extracción/Beneficio minerales no metálicos,306.4017565,47.28119739,0.0018,0.0044,0.0201,0.0011,0.0001
13,Hidalgo,Generación de energía eléctrica ,6301.9271,4901.1953,109237.3288,3236.0861,15625.15954,246.6503,173.4651
13,Hidalgo,Industria de la madera,0.293996,0.282838,0,0.0072,0.0126,0.673525,0
13,Hidalgo,Industria textil,24.8978836,16.9155098,506.7658,27.5296,75.1873,3.27984,1.4855
13,Hidalgo,Manejo de desechos y remediación,0.0111,0.0005,0.0099,0.0375,0.1598,0.0097,0
13,Hidalgo,Metálico,7.7604966,7.4485246,0.2897,0.8894,2.1189,120.5260225,0.0418
13,Hidalgo,Metalúrgica (incluye la siderúrgica) ,75.43091827,58.02490804,178.3169379,162.4828209,327.3193179,253.5801283,6.378273129
13,Hidalgo,Mezclas químicas,0.0005,0.0002,0.0018,0.0032,0.0091,1.01755912,0.0002
13,Hidalgo,Minerales no metálicos,24.76308002,15.03803636,0.0709,9.9545,13.7814,9.3083896,0.3796
13,Hidalgo,Papel y cartón,0.2539698,0.1514089,0.4014,0.4914,1.3375,12.351678,0.0565
13,Hidalgo,Petróleo y petroquímica,1906.9035,1100.667883,29929.314,1090.8532,3102.7169,2702.962097,61.0077
13,Hidalgo,Pinturas y tintas ,19.320257,10.7764675,0.0111,1.414,3.9569,56.976452,0.0541
13,Hidalgo,Plástico y hule,0.0125,0.0089,0.0198,0.0712,0.1638,9.195726,0.0028
13,Hidalgo,Química ,21.53857661,18.25161057,25.7056,59.9265601,116.99914,2.5464,1.2313
13,Hidalgo,Tratamiento de residuos peligrosos ,0.0119,0.003,0.0674,0.0593,0.2372,0.0024,0.0095
14,Jalisco,"Accesorios, aparatos eléctricos y equipos de generación eléctrica",0.305,0.2713,0.2682,3.0544,4.8699,55.35748,0.1035
14,Jalisco,Alimentos y bebidas,11564.0548,6649.778707,10115.50955,2106.145916,2492.178783,19.63335803,23.68871302
14,Jalisco,Almacenamiento de combustibles,0.6383,0.4135,11.4142,0.1228,1.1591,0.0063,0.0195
14,Jalisco,Asbesto ,0.575475898,0.409675767,0.0004,0.0615,0.0732,0.004,0.0024
14,Jalisco,Automotriz ,73.58346356,62.96390934,0.1841,20.39038,36.546347,343.3882858,0.9835
14,Jalisco,Celulosa y papel ,246.3963221,229.1069457,68.3257,103.5649,186.3824,260.4143075,3.981
14,Jalisco,Cemento y cal ,112.4763648,70.36139775,2993.44729,99.69785514,1666.133469,7.3408,0.1906
14,Jalisco,"Cuero, piel y materiales sucedáneos",0.766,0.5244,11.784,1.2526,3.0105,110.236741,0.0542
14,Jalisco,Derivados del petróleo y carbón,1.4301,0.5612,14.3363,4.7055,19.3256,0.1887,0.7508
14,Jalisco,Extracción/Beneficio minerales no metálicos,0.406076544,0.105676544,2.27489287,2.061307616,8.11346528,0.08008,0.32042
14,Jalisco,Generación de energía eléctrica ,1879.0127,1074.3855,0.1372,396.0424,832.4348,26.5316,0
14,Jalisco,Impresión,0.0019,0.0019,0.0001,0.0208,0.0247,147.982382,0.0008
14,Jalisco,Industria de la madera,9.42577328,7.81538528,8.812614869,0.36104992,1.8041936,226.4383898,0.0479752
14,Jalisco,Industria textil,5.98775892,3.87245892,104.6819001,2.354887987,13.58776364,0.0883,0.2544
14,Jalisco,Manejo de desechos y remediación,0.0019,0.0017,0.0016,0.0183,0.0355,0.0001,0.0002
14,Jalisco,Metálico,1.365686022,1.331863622,0.352881374,14.7832381,18.7850088,349.9866204,0.55521449
14,Jalisco,Metalúrgica (incluye la siderúrgica) ,11.45224081,9.877452369,41.75823051,64.67510513,55.57462215,8.626422847,2.341929127
14,Jalisco,Mezclas químicas,28.0244,18.3025,500.3335,6.3951,49.3707,0.3592,0.7682
14,Jalisco,Minerales no metálicos,2.74360964,1.84830364,98.83895089,2.99376296,11.0055168,4.6482032,0.0954128
14,Jalisco,"Muebles, colchones y persianas",0.0178,0.0178,0,0.1892,0.3305,0.0002,0.0001
14,Jalisco,Papel y cartón,14.01842119,9.834416802,214.4015872,24.96562902,48.00991525,34.8100289,1.20124544
14,Jalisco,Petróleo y petroquímica,0.0138,0.001725,0.0129,0.0423,0.1966,119.79836,0
14,Jalisco,Pinturas y tintas ,22.615626,12.3782575,0.017,0.5383,0.7096,80.1103575,0.0197
14,Jalisco,Plástico y hule,11.19783083,7.407024009,190.7410465,6.995650207,25.93053675,896.2600022,0.522720608
14,Jalisco,Química ,40.43526838,34.73238573,101.8152,309.2132917,401.4452619,1494.247385,12.6214
14,Jalisco,Tratamiento de residuos peligrosos ,0.0044,0.0044,0,0.0466,0.0818,4.767944,0
14,Jalisco,Vidrio,10.60864957,10.47975229,0.251,35.1279,236.8583643,2.3001,1.3426
15,México,"Accesorios, aparatos eléctricos y equipos de generación eléctrica",21.70680311,15.68221872,0.572610581,63.97005125,41.38372986,87.06530037,0.259210318
15,México,Alimentos y bebidas,116.6192602,60.29374637,13.92360966,1303.549223,822.8306597,132.8073843,15.9317765
15,México,Asbesto ,0.66177812,0.56318466,0.0254,3.5692,6.7989,0.2339,0.1365
15,México,Automotriz ,257.5346206,215.6921652,0.4884,117.65872,92.937666,2714.815966,2.6173
15,México,Celulosa y papel ,367.2286156,293.614869,1229.9279,332.191,656.0004,500.4828915,13.1959
15,México,Cemento y cal ,52.54724629,32.5792927,430.8029467,182.2676245,1302.152499,7.0083,0.7985
15,México,"Cuero, piel y materiales sucedáneos",0.810124226,0.801484226,0.669351845,86.96761254,33.73810369,0.620000978,0.341131019
15,México,Derivados del petróleo y carbón,5.345073787,4.281982533,5.09057367,214.7790503,97.7633781,1.413075556,1.478524123
15,México,Generación de energía eléctrica ,555.8135,555.8008125,12.6207,1312.6995,4360.45014,74.9384,32.5237
15,México,Impresión,14.25020998,10.39290859,0.390453941,43.25488775,34.44484091,190.7229213,0.21923485
15,México,Industria de la madera,34.91724841,24.97031256,0.349887594,12.28591215,16.66905547,284.0682576,0.106687709
15,México,Industria textil,130.6105649,96.38641831,7.425093756,608.9600381,380.612804,328.0042308,4.350693661
15,México,Manejo de desechos y remediación,16.5346994,11.60054491,3.304730281,66.79715884,39.46837029,0.413173795,0.777535339
15,México,Metálico,127.64928,94.539199,11.17849871,1325.132214,571.5608379,482.1398486,5.836728904
15,México,Metalúrgica (incluye la siderúrgica) ,349.0481862,257.3895576,32.66392954,108.10315,130.0908381,331.2334036,4.027850496
15,México,Mezclas químicas,18.46525327,12.22378325,3.690522745,443.722541,190.7912297,178.7081596,1.767263172
15,México,Minerales no metálicos,19.83566283,9.625260587,1.197505274,122.6161895,61.3716772,4.820742211,0.530850886
15,México,"Muebles, colchones y persianas",3.379901512,2.484665431,0.063652611,8.530418935,10.79350723,28.53667657,0.029681289
15,México,Otras industrias,8.486711677,6.061224614,0.251224473,5.396187431,8.670819168,0.272306621,0.064592373
15,México,Papel y cartón,73.94090931,58.94133279,3.78880089,87.51429747,60.68474296,191.6443691,0.956505823
15,México,Petróleo y petroquímica,0,0,0,0,0,153.5461596,0
15,México,Pinturas y tintas ,173.8261431,124.1959712,1.7417612,12.2535752,27.7196008,3696.363912,0.404
15,México,Plástico y hule,107.6039998,86.72748545,29.11629118,3874.792781,1514.248073,892.0515271,15.29838336
15,México,Química ,70.36196361,42.01470858,4.1313,308.5990327,408.1992008,54.81591835,11.3779
15,México,Tratamiento de residuos peligrosos ,0.58574962,0.57414041,2.31101,6.11088,10.84634,34.3478,0.0168
15,México,Vidrio,218.6402031,215.4181712,1.9779,281.3844,1435.181832,71.85342,10.5839
16,Michoacán de Ocampo,"Accesorios, aparatos eléctricos y equipos de generación eléctrica",0.0012,0.0012,7.36E-07,0.0069,0.0405,0.0007,0
16,Michoacán de Ocampo,Alimentos y bebidas,2540.656557,1441.460824,1568.94205,408.5254,394.1556,2.001965872,2.577
16,Michoacán de Ocampo,Almacenamiento de combustibles,0.28,0.1923,2.587303703,0.0563,0.4422,0.0048,0.0035
16,Michoacán de Ocampo,Celulosa y papel ,147.1913708,131.6596309,207.7466,82.9374,199.9352,10.1558,2.7098
16,Michoacán de Ocampo,Cemento y cal ,461.3610328,170.3377264,303.657475,120.4726,210.6289,1.9661,1.1477
16,Michoacán de Ocampo,Derivados del petróleo y carbón,1.8726,1.5495,0.092015738,0.0832,0.3266,0.0034,0.013
16,Michoacán de Ocampo,Extracción/Beneficio minerales no metálicos,0.000008208,0.000008208,4.80E-09,4.60E-05,0.0003,0.00000475,0
16,Michoacán de Ocampo,Generación de energía eléctrica ,5.3145119,4.06891142,427.3992,22.9207,62.4126,1.4668,1.3121
16,Michoacán de Ocampo,Industria de la madera,78.85351,66.427876,5.117300311,119.3008,66.751,4.075967,0.346
16,Michoacán de Ocampo,Manejo de desechos y remediación,0.22894248,0.12604248,3.405700065,0.314512902,1.4395,0.013155704,0.0503
16,Michoacán de Ocampo,Metálico,0.0024,0.0024,1.47E-06,0.0137,0.0808,0.728047,0
16,Michoacán de Ocampo,Metalúrgica (incluye la siderúrgica) ,1861.398597,1466.14156,9030.434665,4357.59986,12797.59976,303.5077713,168.9327171
16,Michoacán de Ocampo,Mezclas químicas,0.0049,0.0028,0.015701253,0.0255,0.1241,0.0018,0.0022
16,Michoacán de Ocampo,Minerales no metálicos,17.261644,12.671879,13.05782809,0.3522,6.0479,0.0315,0.0144
16,Michoacán de Ocampo,Papel y cartón,0.0183,0.0101,0.062604419,0.0963,0.4633,0.0063,0.0088
16,Michoacán de Ocampo,Petróleo y petroquímica,0.0059,0.0007375,0.0055,0.0179,0.0832,89.20048045,0
16,Michoacán de Ocampo,Pinturas y tintas ,0.0784,0.0784,0,0.8324,1.4615,108.493,0
16,Michoacán de Ocampo,Plástico y hule,21.8603,15.3475,87.82774245,4.1113,15.541,4.062785,0.3013
16,Michoacán de Ocampo,Química ,603.5232715,372.3557914,9139.40151,281.0873781,433.1174,7.3901,7.6965
16,Michoacán de Ocampo,Tratamiento de residuos peligrosos ,0.0037,0.0037,0,0.0394,0.0691,0.0017,0
17,Morelos,"Accesorios, aparatos eléctricos y equipos de generación eléctrica",0.9282,0.116025,0.867,2.8392,13.1914,11.514039,0
17,Morelos,Alimentos y bebidas,1019.918233,584.9983611,9.8515,443.8704,676.0062,0.0573,0.1493
17,Morelos,Almacenamiento de combustibles,0,0,0,0,0,0.479,0
17,Morelos,Automotriz ,108.6327873,77.84265233,48.1125,9.8637,14.7941,354.8485181,0.4262
17,Morelos,Celulosa y papel ,2.4574,2.4562,0.2018,27.1511,46.8736,1.7776,1.0386
17,Morelos,Cemento y cal ,91.61938866,55.99794679,110.0447316,2620.106681,6305.395745,6.6274,0.1921
17,Morelos,Derivados del petróleo y carbón,5.824636,2.8703995,0.1121,0.0986,0.3947,0.004,0.0158
17,Morelos,Industria textil,24.9705064,17.6972852,165.7364,15.4147,32.1735,0.9787,0.7509
17,Morelos,Metálico,0.6396,0.5567,0,3.2099,5.6354,51.6426,0
17,Morelos,Metalúrgica (incluye la siderúrgica) ,0.0009,0.0009,0,0.0091,0.0159,0.411,0
17,Morelos,Mezclas químicas,0.0145,0.0091,0.0409,0.1134,0.2799,1.11011,0.0058
17,Morelos,Minerales no metálicos,6.049905,3.50151877,0.0124,0.0474,0.2008,0.012,0
17,Morelos,Petróleo y petroquímica,0,0,0,0,0,54.00338256,0
17,Morelos,Plástico y hule,1.0558324,0.7111468,49.4193,0.9783,5.8093,2.28092,0.0696
17,Morelos,Química ,6.6114,6.5649,0.8717,72.6943,79.9094,5.447919701,2.8127
17,Morelos,Vidrio,110.277468,108.365829,0.0007,0.8236,1882.1534,0.0062,0.0036
18,Nayarit,Alimentos y bebidas,3284.342239,1841.897267,143.3567,833.4605,537.60282,1.245011,0.8047
18,Nayarit,Derivados del petróleo y carbón,79.147503,74.8187095,0.7885,1.6118,7.1812,0.3454,0.0681
18,Nayarit,Manejo de desechos y remediación,0.0045422,0.0036571,0,0.0154,0.0271,0,0
18,Nayarit,Metalúrgica (incluye la siderúrgica) ,9.31252758,6.26292896,0,0,0,0,0
18,Nayarit,Minerales no metálicos,46.47972075,27.57953107,0,0,0,0,0
18,Nayarit,Petróleo y petroquímica,0,0,0,0,0,13.44468433,0
19,Nuevo León,"Accesorios, aparatos eléctricos y equipos de generación eléctrica",156.9351565,129.9293073,0.346,68.3197,99.0783,939.5421598,1.697
19,Nuevo León,Alimentos y bebidas,69.07919401,27.89436801,231.0634,105.5346,168.1622,8.420474,3.9285
19,Nuevo León,Almacenamiento de combustibles,0,0,0,0,0,0.6147,0
19,Nuevo León,Automotriz ,118.7584829,87.25245928,18.22350959,308.6977565,587.086295,1786.017005,9.744535277
19,Nuevo León,Celulosa y papel ,70.94159052,65.47211972,1.2924,169.6492,350.1176,256.776614,4.5072
19,Nuevo León,Cemento y cal ,288.8328457,178.8231565,729.114555,1267.9014,3309.4317,13.7933,5.6174
19,Nuevo León,Derivados del petróleo y carbón,3.4825038,1.6214958,90.7469,2.3256,11.7493,0.1093,0.1684
19,Nuevo León,Extracción/Beneficio minerales no metálicos,2613.985994,1608.190015,118.7271,22.6318,37.8051,1.4287,0.9108
19,Nuevo León,Generación de energía eléctrica ,2458.283,2456.0774,38.9982,5548.1196,16752.64586,540.3911,16.1018
19,Nuevo León,Impresión,0.087015634,0.073388434,0,0.0008,0.0008,144.9943868,0
19,Nuevo León,Industria textil,1.370965101,1.034927301,0.0434,6.0062,7.5414,1.14305,0.2295
19,Nuevo León,Manejo de desechos y remediación,0.7163082,0.5331529,0.364528,0.7963,2.0532,61.8370577,0.0610128
19,Nuevo León,Metálico,41.76906053,33.62651359,0.187851251,98.32987517,161.6374752,297.5879211,0.833208249
19,Nuevo León,Metalúrgica (incluye la siderúrgica) ,1033.368794,629.4457321,67.73731153,1660.120233,2225.004076,424.9342048,63.11469935
19,Nuevo León,Mezclas químicas,0.0826,0.0812,0.007,0.5788,0.6962,575.96406,0.0224
19,Nuevo León,Minerales no metálicos,277.5402995,186.1568168,82.73044352,348.9651,822.496899,75.5816326,8.5974
19,Nuevo León,Papel y cartón,0.447,0.447,0.0331,4.929,6.0293,410.222237,0.1774
19,Nuevo León,Petróleo y petroquímica,918.8462,513.0490325,8625.4001,17273.2695,2070.7405,1267.712968,56.9787
19,Nuevo León,Pinturas y tintas ,42.60795022,36.91576603,0.1813,11.9613,15.0735,847.7797134,0.4462
19,Nuevo León,Plástico y hule,14.53924561,11.25049041,0.0578,8.8763,11.2705,559.0884905,0.2772
19,Nuevo León,Química ,1011.202402,584.4074066,6668.5066,265.0815,1694.6498,17.33698367,8.7577
19,Nuevo León,Tratamiento de residuos peligrosos ,0.4062,0.1192,2.1753,2.1699,7.9948,0.0921,0.3138
19,Nuevo León,Vidrio,667.4876151,655.194206,2.6985,377.8227,2610.777834,24.7382,14.4413
20,Oaxaca,Alimentos y bebidas,3015.277311,1725.077249,57.28013496,1558.107115,1365.916655,5.4647565,4.3796259
20,Oaxaca,Celulosa y papel ,13.79606,11.82897855,0.3152,44.1319,52.5381,2.8896,1.6868
20,Oaxaca,Cemento y cal ,313.8875943,178.8853267,553.6097048,118.4530353,932.2261818,3.1424,0.1104
20,Oaxaca,Derivados del petróleo y carbón,0.0206,0.0051,0.1169,0.1029,0.4118,0.0041,0.0165
20,Oaxaca,Industria de la madera,0.47903856,0.44540496,0.04095,7.4256,0.819,0,0
20,Oaxaca,Manejo de desechos y remediación,0.0271,0.0078,1.06E-07,0.001,0.0058,0.0001,0
20,Oaxaca,Metalúrgica (incluye la siderúrgica) ,58.9607,15.1500065,42.2905,138.4827,643.4127,41.488,0
20,Oaxaca,Mezclas químicas,0.0205,0.0205,0,0.2175,0.3819,0,0
20,Oaxaca,Minerales no metálicos,2.331093,1.613277,0,0,0,0,0
20,Oaxaca,Petróleo y petroquímica,3260.3018,1992.446827,98949.5518,960.1428,4238.8096,970.0361644,80.6423
21,Puebla,"Accesorios, aparatos eléctricos y equipos de generación eléctrica",0.0339,0.0339,0.0027,0.3755,0.447,0.0245,0.0144
21,Puebla,Alimentos y bebidas,2157.177762,1237.484718,1710.041225,380.5587383,402.9057456,3.692028208,3.635222556
21,Puebla,Almacenamiento de combustibles,1.3936,0.9077,25.0642,0.21,2.3106,0.0116,0.0337
21,Puebla,Automotriz ,46.88407421,37.48882924,0.5706,80.60853,118.0175,1236.628495,3.0533
21,Puebla,Celulosa y papel ,20.5143602,13.65550108,333.2512,2.7952,30.7312,0.1564,0.4472
21,Puebla,Cemento y cal ,368.0265729,228.6205403,6309.95623,742.2614213,3451.73409,16.9123,2.0147
21,Puebla,Derivados del petróleo y carbón,15.81350172,12.52238693,0.86337505,0.8588386,3.6222544,0.040934025,0.1218
21,Puebla,Extracción/Beneficio minerales no metálicos,0.0025,0.0025,0,0.0136,0.0796,0.0014,0
21,Puebla,Generación de energía eléctrica ,493.6546,493.6546,7.77,1592.7249,7172.87928,264.9431,0.369
21,Puebla,Industria de la madera,0.0046,0.0046,0,0.026,0.1531,0.0026,0
21,Puebla,Industria textil,68.53161478,47.64402629,701.4337882,69.79054954,180.0153114,4.666194525,3.333102895
21,Puebla,Manejo de desechos y remediación,0.0395,0.0395,0,0.2217,1.3066,0.0224,0
21,Puebla,Metálico,17.7239529,13.9627192,0.2846,6.2022,15.8754,13.44616,0.2004
21,Puebla,Metalúrgica (incluye la siderúrgica) ,285.5854768,219.1633547,27.64318022,240.7317406,303.0348508,43.40515723,9.193745648
21,Puebla,Mezclas químicas,0.019,0.0104,0.0659,0.126,0.382,0.0073,0.0113
21,Puebla,Minerales no metálicos,0.5632,0.366005,0,0.0054,0.0321,0.0006,0
21,Puebla,Papel y cartón,0.0847,0.0465,0.29,0.4442,2.1349,0.0292,0.0409
21,Puebla,Petróleo y petroquímica,8.0728,7.9937,0.6911,88.2997,185.8371,90.36588952,3.3722
21,Puebla,Pinturas y tintas ,32.50214289,18.60150103,0.0028,0.3903,0.4647,44.179779,0.015
21,Puebla,Plástico y hule,8.920512455,6.440991611,72.9017,13.7398,23.0521,88.093656,0.5939
21,Puebla,Química ,2.049,1.9825,0.6568,22.0937,27.7258,1.4149,0.8865
21,Puebla,Tratamiento de residuos peligrosos ,0.0001,0.0001,0,0.001,0.0018,0.2,0
22,Querétaro,"Accesorios, aparatos eléctricos y equipos de generación eléctrica",18.69760754,15.30163419,2.02045668,26.4896487,60.26701327,129.2784268,0.344978681
22,Querétaro,Alimentos y bebidas,142.7384311,51.49935828,226.5007463,207.4673029,484.3775402,20.55253517,7.652429056
22,Querétaro,Almacenamiento de combustibles,0.3901,0.2541,7.0168,0.0588,0.6469,0.005088,0.0094
22,Querétaro,Automotriz ,20.44550918,18.31797808,0.498447484,46.87344772,56.93637395,960.6271828,1.782159087
22,Querétaro,Celulosa y papel ,70.9722,53.17940526,826.0846,185.147,460.2688,1203.03616,7.9186
22,Querétaro,Cemento y cal ,38.27244003,22.27452285,896.1153,11.3903,67.1122,0.8696,0.3429
22,Querétaro,Extracción/Beneficio minerales no metálicos,3.073200099,1.876784099,0.18009127,1.789991728,2.5486992,0.113224256,0.086361689
22,Querétaro,Generación de energía eléctrica ,515.5109,515.5109,7.0297,807.6225,1296.68056,20.6826,0
22,Querétaro,Impresión,7.844305666,5.816955166,0.029553208,4.194516447,6.148504856,844.5904777,0.141312986
22,Querétaro,Industria de la madera,0.014352,0.013806,0,0,0,1.918827159,0
22,Querétaro,Industria textil,10.08277773,9.577765417,0.652802755,92.21681368,193.6659204,26.40047063,3.480965584
22,Querétaro,Manejo de desechos y remediación,0.1154,0.0849025,0.1902424,8.6871,16.0225,0.637036,0.025344
22,Querétaro,Metálico,49.1629299,35.83991951,1.807733028,44.88150114,89.93649296,784.265044,0.360247908
22,Querétaro,Metalúrgica (incluye la siderúrgica) ,158.1801756,114.7250461,0.092784497,13.04942958,15.57041616,95.37767589,0.496597043
22,Querétaro,Mezclas químicas,0.39470589,0.26005207,0.053619846,1.247258864,1.8309328,31.12861876,0.040744274
22,Querétaro,Minerales no metálicos,12.5729608,8.9038741,0.922429664,29.003474,38.574296,39.97545596,1.18014784
22,Querétaro,Papel y cartón,16.09246704,12.89974668,0.041248,2.3339,2.915,23.921858,0.08848
22,Querétaro,Petróleo y petroquímica,0,0,0,0,0,50.82166728,0
22,Querétaro,Pinturas y tintas ,2.67076288,2.5816309,0.0178,2.4974,2.973,74.3653248,0.0954
22,Querétaro,Plástico y hule,10.06234105,7.289539132,0.234216059,9.363494945,13.31665466,310.7586151,0.313800504
22,Querétaro,Química ,16.2438,16.0406,2.251900442,102.1176019,127.5771,86.0431464,3.4258
22,Querétaro,Tratamiento de residuos peligrosos ,0.5337,0.5337,0.0421,5.8987,7.0222,0.5423,0.2255
22,Querétaro,Vidrio,30.2032737,29.9066363,1.0344,144.8214,1694.763838,9.4824,5.5353
23,Quintana Roo,Alimentos y bebidas,2091.171395,1193.480212,23.912472,0.8418,207.7577507,9.06150844,0.1348
23,Quintana Roo,Generación de energía eléctrica ,45.1841,5.6480125,34.4813,71.189,654.8201,15.4085,0
23,Quintana Roo,Minerales no metálicos,50.53477264,43.98827352,25.68069724,83.68149148,388.3422509,25.69447712,0
24,San Luis Potosí,"Accesorios, aparatos eléctricos y equipos de generación eléctrica",4.777591532,2.528683526,2.4063,27.6275,70.5733,37.416723,0.6893
24,San Luis Potosí,Alimentos y bebidas,9073.1871,5182.1837,1291.2151,1643.9515,1108.7213,25.376427,2.298
24,San Luis Potosí,Automotriz ,166.2589681,136.3877206,0.381605527,46.39277375,67.46692114,1232.862101,1.735016137
24,San Luis Potosí,Celulosa y papel ,190.6752117,136.6262925,3369.2589,137.9401,460.438,10.4776,8.7125
24,San Luis Potosí,Cemento y cal ,507.379726,316.4090645,4120.487128,2662.972286,8880.016358,15.2963,1.8148
24,San Luis Potosí,Derivados del petróleo y carbón,1.663,0.9496,1.5528,1.3667,5.4672,0.0547,0.2185
24,San Luis Potosí,Extracción/Beneficio minerales no metálicos,0.46215955,0.075862113,0,0,0,0,0
24,San Luis Potosí,Generación de energía eléctrica ,2988.05699,2470.26687,55317.4335,2315.7405,9924.4652,130.7931,52.7467
24,San Luis Potosí,Industria textil,7.7748255,5.003687,170.5109,10.739,32.907,1.0658,0.3441
24,San Luis Potosí,Manejo de desechos y remediación,0.0001,0.0001,0,0.0014,0.0017,0.0001,0.0001
24,San Luis Potosí,Metálico,3.3269,0.9378,2.4504,8.6413,37.552,2.1805964,0.0223
24,San Luis Potosí,Metalúrgica (incluye la siderúrgica) ,377.9316016,278.5799808,82.29796997,197.8137489,304.7145259,12.93282777,3.066560134
24,San Luis Potosí,Minerales no metálicos,6.61311025,4.050496,0.0014,0.0525,0.0733,0.0032,0.0019
24,San Luis Potosí,Papel y cartón,1.6798,1.2316,89.1631,5.1059,13.4061,1100.5188,0.2861
24,San Luis Potosí,Petróleo y petroquímica,0,0,0,0,0,53.32124933,0
24,San Luis Potosí,Pinturas y tintas ,1.2744,1.2279375,0,0,0,41.628773,0
24,San Luis Potosí,Plástico y hule,35.8702436,25.4391898,0.0013,0.1923,0.1966,34.3350772,0.0074
24,San Luis Potosí,Química ,3.321247639,2.23637318,0.1333,16.6496,24.0133,1.270185345,0.635
24,San Luis Potosí,Tratamiento de residuos peligrosos ,0.2006,0.2006,0.0158,2.2158,2.6378,0.1451,0.0846
24,San Luis Potosí,Vidrio,47.13288657,46.51386823,0.9039,126.5334,1086.013754,8.6089,4.8364
25,Sinaloa,"Accesorios, aparatos eléctricos y equipos de generación eléctrica",0.000848514,0.00084318,0.00187835,0.002922095,0.015664591,0.00018423,0.000391864
25,Sinaloa,Alimentos y bebidas,790.48729,465.037683,5590.323188,126.2627,591.811,15.5950771,8.4751
25,Sinaloa,Automotriz ,3.0159842,2.5673856,0,0,0,1.161586,0
25,Sinaloa,Celulosa y papel ,7.1244,5.0873,84.5731,25.0012,57.1479,96.106355,0.6057
25,Sinaloa,Generación de energía eléctrica ,328.2900251,229.3219751,49720.5122,420.8247,3406.6141,63.5136,66.8804
25,Sinaloa,Metálico,0.0277,0.0277,1.66E-05,0.1551,0.9144,0.0158,0
25,Sinaloa,Metalúrgica (incluye la siderúrgica) ,0.022804639,0.022804639,4.88E-06,0.24189252,0.424783814,0,0
25,Sinaloa,Papel y cartón,13.6143,8.9456,240.5583021,3.3711,30.0773,2.2604,0.3296
25,Sinaloa,Petróleo y petroquímica,0.3968,0.3856875,0.012,4.1192,7.3442,133.4323952,0
25,Sinaloa,Plástico y hule,6.9481,4.6489,118.132571,3.1358,23.3979,129.72618,0.1697
25,Sinaloa,Química ,0,0,0,0,0,0,0
25,Sinaloa,Tratamiento de residuos peligrosos ,0,0,0,0,0,0,0
26,Sonora,"Accesorios, aparatos eléctricos y equipos de generación eléctrica",5.384889685,3.869470735,0.0129,2.09848746,4.168,49.26255843,0.0158
26,Sonora,Alimentos y bebidas,49.24505988,24.76052068,500.3314,13.1523,61.7863,0.5155,0.8531
26,Sonora,Automotriz ,37.1854198,34.0590729,0.1122,15.8534,18.973,914.52647,0.599
26,Sonora,Celulosa y papel ,56.804,41.14918487,1071.4747,11.8095,90.7978,335.379646,1.4377
26,Sonora,Cemento y cal ,576.3290596,337.3152041,2789.18172,183.4267943,1666.605684,8.2631,1.5481
26,Sonora,"Cuero, piel y materiales sucedáneos",0,0,0,0,0,0.109,0
26,Sonora,Derivados del petróleo y carbón,3.69938,0.834108,0.4213,0.0515,0.216,0.002,0.0074
26,Sonora,Extracción/Beneficio minerales no metálicos,3.7436,1.14698,1.7292,5.6628,26.3102,1.6965,0
26,Sonora,Generación de energía eléctrica ,1444.9725,1257.042113,13145.7958,1528.6985,4553.2332,109.7772,56.3371
26,Sonora,Industria de la madera,0.0028,0.0028,0,0.0298016,0.052324,0.46,0
26,Sonora,Industria textil,0.2537,0.1813,0.0071,0.1014,0.1376,250.45746,0.0045
26,Sonora,Manejo de desechos y remediación,0.0188,0.0147,0,0.0459,0.0808,0,0
26,Sonora,Metálico,4.51652496,3.27297728,0.0165,2.58413442,2.957,66.88870778,0.083
26,Sonora,Metalúrgica (incluye la siderúrgica) ,192.5030417,96.79543775,116.7149035,1254.250517,2663.298425,158.6229023,35.97107016
26,Sonora,Mezclas químicas,0,0,0,0,0,11.499,0
26,Sonora,Minerales no metálicos,20.6195056,12.3562144,0.0271,0.0889,0.4131,0.04975,0
26,Sonora,Papel y cartón,0.0048,0.0048,0,0.0509,0.0894,1.189289,0
26,Sonora,Petróleo y petroquímica,0.0048,0.0006,0.0045,0.0146,0.0678,92.46939537,0
26,Sonora,Plástico y hule,4.5489072,3.4225346,0.0135,0.4263,0.6525,541.245566,0.0112
26,Sonora,Química ,0.0187,0.0187,0.001,0.2045,0.2795,0.0093,0.0055
27,Tabasco,Alimentos y bebidas,3570.883944,2038.347644,45.67469558,587.8923818,365.165664,0.46845952,0.525620745
27,Tabasco,Asbesto ,0.018983555,0.013460465,0,0,0,0,0
27,Tabasco,Cemento y cal ,14.55906665,9.026621324,473.1521909,38.0578,974.1368637,3.2181,0.9124
27,Tabasco,Derivados del petróleo y carbón,0.039484,0.000096,0,0.41692,0.73628,0.0000768,0.0003072
27,Tabasco,Manejo de desechos y remediación,1.8186,0.3597,8.3269,8.2275,33.7167,15.25387694,1.1167
27,Tabasco,Mezclas químicas,27.1217,27.1217,2.1413,299.7661,808.1756,19.6276,11.4576
27,Tabasco,Minerales no metálicos,122.3718,47.1856,0.4063,0.7945,2.8589,0.0261,0.1043
27,Tabasco,Petróleo y petroquímica,799.3755,789.07145,76286.1582,2776.9915,7041.5502,313.7548896,59.5184
27,Tabasco,Química ,87.9794,87.9794,1.1997,137.8325,238.72064,3.5298,0
27,Tabasco,Tratamiento de residuos peligrosos ,0.1049,0.0263,0.5957,0.5244,2.0978,0.021,0.0839
28,Tamaulipas,"Accesorios, aparatos eléctricos y equipos de generación eléctrica",46.9040518,36.7226084,0.6179,32.3156,69.9462,598.7100768,0.7558
28,Tamaulipas,Alimentos y bebidas,1524.402694,871.345784,279.9184,267.8452,200.1828,1.1774165,0.9273
28,Tamaulipas,Automotriz ,7.296936944,5.536481074,0.0886,13.6927548,17.060285,664.8537323,0.4734
28,Tamaulipas,Celulosa y papel ,14.09484,11.88223757,0.2423,33.9109,40.3703,5.6495,1.2961
28,Tamaulipas,Cemento y cal ,19.15985703,4.880844244,176.3017,0.4758,16.6547,0.0555,0
28,Tamaulipas,Derivados del petróleo y carbón,0.0669,0.0554,0.0904,0.644,1.015,0.0364,0.0316
28,Tamaulipas,Generación de energía eléctrica ,6211.5641,5705.352238,39525.8787,8465.7338,15469.12216,317.154,108.9411
28,Tamaulipas,Impresión,0.025568,0.023312,0,0,0,90.822776,0
28,Tamaulipas,Industria de la madera,1.5114082,1.2919131,0,0.1149,0.2016,25.330533,0
28,Tamaulipas,Industria textil,42.1803664,27.65740815,733.7943,13.1736,76.9851,9.3443674,1.2161
28,Tamaulipas,Manejo de desechos y remediación,6.7813,0.8480875,6.3486,20.7484,96.3903,7.547588,0.0024
28,Tamaulipas,Metálico,82.03959477,60.07271837,57.6929,107.074,149.9505,510.8603855,3.8619
28,Tamaulipas,Metalúrgica (incluye la siderúrgica) ,8.11577547,8.11577547,0.64059869,89.70028775,119.6542671,7.197711133,3.428265044
28,Tamaulipas,Mezclas químicas,1.1997722,0.66405276,0,0.0283,0.0497,68.624059,0
28,Tamaulipas,Minerales no metálicos,23.593689,15.938399,25.6417,12.5057,16.9892,156.8511919,0.5027
28,Tamaulipas,Otras industrias,0.7300312,0.5665716,0.0131,1.8604,2.1097,16.857262,0.0704
28,Tamaulipas,Papel y cartón,0.0008,0.0008,0.0001,0.0094,0.0112,10.07444321,0.0004
28,Tamaulipas,Petróleo y petroquímica,1948.4026,1090.869015,80674.796,75994.0022,8030.536,3871.734314,185.3115
28,Tamaulipas,Pinturas y tintas ,0.360545702,0.349216432,0.0039,0.5505,0.6553,0.687437675,0.021
28,Tamaulipas,Plástico y hule,22.21396492,17.20293196,0.2253,29.0276,46.9555,1371.025536,0.9213
28,Tamaulipas,Química ,115.3035162,68.20253165,2.093062445,284.913585,337.0345373,1826.260227,9.591404353
28,Tamaulipas,Tratamiento de residuos peligrosos ,0.022813808,0.022547944,0.0001848,0.2899833,0.4118354,0.700022,0
28,Tamaulipas,Vidrio,0.158239084,0.158239084,0.0465,6.4659,45.78806848,0.423,0.2474
29,Tlaxcala,Alimentos y bebidas,43.912567,12.734977,954.1967661,4.95849,133.6930644,0.00502,0
29,Tlaxcala,Automotriz ,0,0,0,0,0,0,0
29,Tlaxcala,Celulosa y papel ,60.06496297,59.51179672,0.8099,98.8934,359.7525,1783.1829,0.2235
29,Tlaxcala,Generación de energía eléctrica ,59.0094,59.0094,0.8047,92.4465,179.739,2.3676,0
29,Tlaxcala,Industria textil,2.383360284,1.689950202,16.99874005,10.96006482,13.6208721,0.01936908,0
29,Tlaxcala,Manejo de desechos y remediación,0,0,0,0,0.6,0.4,0
29,Tlaxcala,Metalúrgica (incluye la siderúrgica) ,7.1713168,6.1678724,25.2478,37.9944,47.8133,3.4973,1.44576
29,Tlaxcala,Mezclas químicas,0.00055255,0.00044255,0.000029336,0.008622767,0.036274085,0.000664836,0.00009912
29,Tlaxcala,Minerales no metálicos,42.84034,17.940769,0.08906,1.69055,76.82877,0,0
29,Tlaxcala,Papel y cartón,1.947507,1.55672,0.05615,0.56506,1.61517,0,0
29,Tlaxcala,Petróleo y petroquímica,0,0,0,0,0,0,0
29,Tlaxcala,Pinturas y tintas ,7.0826,3.9186,0,0.1336,0.2344,21,0
29,Tlaxcala,Plástico y hule,12.32027834,8.735868332,0.008511445,17.8673123,9.832243832,0.001983246,7.72E-06
29,Tlaxcala,Química ,24.91339033,10.41686116,44.706,36.0608,38.4401,64.54158194,1.443
29,Tlaxcala,Vidrio,12.67302142,12.53756882,0.412,57.7004,116.4726341,3.7782,2.2056
30,Veracruz de Ignacio de la Llave,Alimentos y bebidas,29237.07799,16583.20142,6171.53775,4775.9671,3508.2092,8.8738,12.0775
30,Veracruz de Ignacio de la Llave,Almacenamiento de combustibles,0.2063,0.1343,14.3041,0.1199,1.3187,0.024435,0.0192
30,Veracruz de Ignacio de la Llave,Automotriz ,0.0416,0.0104,3.104,0.2084,2.339,2.8929,0.0334
30,Veracruz de Ignacio de la Llave,Celulosa y papel ,40.32785604,31.15180137,239.9687834,62.50516975,134.887903,42.464665,2.1885
30,Veracruz de Ignacio de la Llave,Cemento y cal ,121.8715729,75.40049718,1395.197782,860.4879329,6117.467514,7.7962,1.595
30,Veracruz de Ignacio de la Llave,"Cuero, piel y materiales sucedáneos",0.0152,0.0106,0.0354054,0.0815,0.4215,0.0063,0.005
30,Veracruz de Ignacio de la Llave,Extracción/Beneficio minerales no metálicos,197.15834,107.4972,737.1917,4.4702,140.2597,0.94737,0.629
30,Veracruz de Ignacio de la Llave,Generación de energía eléctrica ,6646.595212,5486.635322,118510.1692,5019.3953,14071.74392,291.043,185.727
30,Veracruz de Ignacio de la Llave,Manejo de desechos y remediación,0.0024,0.0011,0.010500379,0.0127,0.0577,0.2024,0.0015
30,Veracruz de Ignacio de la Llave,Metálico,0.1646,0.1127,0.354428179,0.9532,3.2417,30.824716,0.0641
30,Veracruz de Ignacio de la Llave,Metalúrgica (incluye la siderúrgica) ,114.5502282,90.889494,2.262732038,2492.205098,452.1339023,559.1310595,8.929410695
30,Veracruz de Ignacio de la Llave,Minerales no metálicos,27.5457424,19.4940232,0.019932204,3.5658,7.8963,22.0404,0.1065
30,Veracruz de Ignacio de la Llave,Papel y cartón,0.4819,0.4378,0.0207,2.8964,3.4481,0.1896,0.1107
30,Veracruz de Ignacio de la Llave,Petróleo y petroquímica,1129.3255,1022.6233,93142.7678,17352.4793,14958.5854,1139.416462,206.8946
30,Veracruz de Ignacio de la Llave,Plástico y hule,0.0114,0.0029,0.0649,0.0571,0.2284,22.8622,0.0092
30,Veracruz de Ignacio de la Llave,Química ,215.8204,215.4312,55.77644,1112.6977,1905.05031,131.0979846,34.7905
30,Veracruz de Ignacio de la Llave,Tratamiento de residuos peligrosos ,0.00638288,0.00452584,0.0525,0.13062,0.48134,0,0
30,Veracruz de Ignacio de la Llave,Vidrio,58.25245366,56.79331802,0.8452,118.3412,253.33425,7.7486,4.5231
31,Yucatán,Alimentos y bebidas,25.29709731,15.51248191,569.7882967,30.03872554,102.3299304,2.657321832,1.849940317
31,Yucatán,Cemento y cal ,247.3414207,154.07355,1319.822299,1718.419748,1315.498056,3.0961,0
31,Yucatán,Derivados del petróleo y carbón,1.9987,1.6561,0.0757,0.0666,0.2664,0.0027,0.0107
31,Yucatán,Generación de energía eléctrica ,1515.8672,1050.191075,17956.945,1348.5664,7664.9249,57.453,23.8563
31,Yucatán,Industria textil,1.3367,1.1639,34.36479107,4.9974,30.92,0.4927,0.0461
31,Yucatán,Metalúrgica (incluye la siderúrgica) ,0,0,0,0,0,0,0
31,Yucatán,Mezclas químicas,10.8917,8.7062,0,0,0,0,0
31,Yucatán,Papel y cartón,1.7717,1.15,31.7455,0.3149,3.1186,0.0169,0.0504
31,Yucatán,Petróleo y petroquímica,0,0,0,0,0,164.6354814,0
31,Yucatán,Plástico y hule,0.0114,0.0114,0.00080076,0.1191,0.1751,0.008,0.0043
31,Yucatán,Química ,2.0136,1.9614,0.5484,21.8338,26.9693,1.4209,0.8768
31,Yucatán,Tratamiento de residuos peligrosos ,0,0,0,0,0,0,0
32,Zacatecas,Automotriz ,4.7430936,3.5262648,0.0368,6.1561,7.894,41.69078276,0.197
32,Zacatecas,Cemento y cal ,0.75092917,0.465576086,0,0,0,0,0
32,Zacatecas,Extracción/Beneficio minerales no metálicos,0.03911808,0.03875736,0.1258512,0.1002,0.48096,0.004008,0.01600862
32,Zacatecas,Metalúrgica (incluye la siderúrgica) ,3567.300861,1879.266754,1.301514931,3.824205138,7.859661294,0.159132828,0.247956007
32,Zacatecas,Minerales no metálicos,0.963474,0.515895,0,0,0,0,0
32,Zacatecas,Petróleo y petroquímica,0,0,0,0,0,100.1516508,0
Notas:,,,,,,,,,
Cantidades en toneladas.,,,,,,,,,
"* Si se muestran ""blancos"" en la posicion de cifras, representan valores no reportados o nulos.",,,,,,,,,
