sum,CVE_LOC,CVE_MUN,CVE_ENT,CVEGEO,CVE_AGEB,system:index
8.888656012882969E-4,0001,001,06,0600100010081,0081,00000000000000000000
3.9603653755752405E-4,0001,001,06,060010001019A,019A,00000000000000000001
1.5893868348174317E-4,0001,001,06,0600100010359,0359,00000000000000000002
0.0013215752289042792,0001,001,06,0600100010151,0151,00000000000000000003
0.0011079000032092941,0001,001,06,0600100010166,0166,00000000000000000004
5.752122737440048E-4,0001,001,06,0600100010202,0202,00000000000000000005
7.886890999995553E-4,0001,001,06,0600100010217,0217,00000000000000000006
0.0027130976773709747,0001,001,06,0600100010255,0255,00000000000000000007
0.0018854446646662958,0001,001,06,060010001026A,026A,00000000000000000008
1.2143813897923854E-4,0001,001,06,0600100010344,0344,00000000000000000009
6.72039232458932E-4,0001,001,06,0600100010274,0274,0000000000000000000a
4.9896582385177476E-5,0001,001,06,0600100010363,0363,0000000000000000000b
0.0012236078911869403,0001,001,06,0600100010378,0378,0000000000000000000c
4.3197764006251715E-4,0001,001,06,0600100010382,0382,0000000000000000000d
8.57121789708045E-4,0001,001,06,0600100010397,0397,00000000000000000010
1.1395712837029447E-5,0001,001,06,060010001040A,040A,00000000000000000011
0.001233000902830784,0001,001,06,0600100010109,0109,00000000000000000012
6.667771987346256E-4,0001,001,06,0600100010147,0147,00000000000000000013
0.0014598961047100304,0007,001,06,0600100070240,0240,0000000000000000000e
7.613303259064059E-4,0007,001,06,0600100070236,0236,00000000000000000014
9.045632448779635E-4,0007,001,06,0600100070221,0221,00000000000000000015
6.90477695621949E-4,0035,001,06,060010035033A,033A,0000000000000000000f
7.970551506696919E-4,0035,001,06,0600100350325,0325,00000000000000000016
8.708868348353114E-5,0001,002,06,060020001134A,134A,00000000000000000017
2.960221573624832E-4,0001,002,06,0600200011640,1640,00000000000000000018
0.002141727441163684,0001,002,06,0600200011316,1316,00000000000000000019
0.0028924978591915503,0001,002,06,0600200011320,1320,0000000000000000001a
5.580616348573097E-4,0001,002,06,0600200011373,1373,0000000000000000001b
0.0012341546428715603,0001,002,06,060020001159A,159A,0000000000000000001c
8.228091281590109E-4,0001,002,06,0600200011617,1617,0000000000000000001d
5.107678805232676E-4,0001,002,06,0600200011621,1621,0000000000000000001e
8.227862674687951E-4,0001,002,06,0600200010676,0676,0000000000000000001f
0.0013339640068456408,0001,002,06,0600200010727,0727,00000000000000000020
2.7073871553400235E-4,0001,002,06,0600200011000,1000,00000000000000000021
6.179351843561595E-4,0001,002,06,0600200010977,0977,00000000000000000022
0.001140740506744978,0001,002,06,0600200011091,1091,00000000000000000023
0.0011683874144018064,0001,002,06,0600200011142,1142,00000000000000000024
2.7868378714729965E-4,0001,002,06,0600200011195,1195,00000000000000000025
2.7868378714729965E-4,0001,002,06,0600200011208,1208,00000000000000000026
0.0010070594655211948,0001,002,06,0600200011388,1388,00000000000000000027
9.110067685233206E-4,0001,002,06,0600200010411,0411,00000000000000000028
0.0027531959202752535,0001,002,06,0600200010464,0464,00000000000000000029
9.301730755861488E-5,0001,002,06,0600200011496,1496,0000000000000000002a
0.002160220256899852,0001,002,06,0600200010479,0479,0000000000000000002b
0.004989017215068194,0001,002,06,0600200010483,0483,0000000000000000002c
7.744689296893919E-4,0001,002,06,0600200011481,1481,0000000000000000002d
2.701641959112946E-4,0001,002,06,0600200010996,0996,0000000000000000002e
4.975409167463783E-4,0001,002,06,0600200010568,0568,0000000000000000002f
0.0017419557446155599,0001,002,06,0600200010619,0619,00000000000000000030
9.6282404471706E-5,0001,002,06,0600200011693,1693,00000000000000000031
3.408756636395757E-4,0001,002,06,0600200011104,1104,00000000000000000032
0.001602320034319996,0001,002,06,0600200011068,1068,00000000000000000033
0.001005458868961164,0001,002,06,0600200011706,1706,00000000000000000034
3.533428441793882E-4,0001,002,06,0600200011689,1689,00000000000000000035
6.813606145357563E-4,0001,002,06,0600200010708,0708,00000000000000000036
5.67843918582387E-4,0001,002,06,0600200011458,1458,00000000000000000037
4.705392223282146E-4,0001,002,06,0600200011570,1570,00000000000000000038
1.328834476991054E-4,0001,002,06,0600200011585,1585,00000000000000000039
0.001750593298225296,0001,002,06,0600200010290,0290,0000000000000000003a
7.630588873716526E-4,0001,002,06,0600200010318,0318,0000000000000000003b
0.001010073144238799,0001,002,06,0600200010337,0337,0000000000000000003c
6.393657784239306E-4,0001,002,06,0600200010407,0407,0000000000000000003d
4.8346199202500416E-4,0001,002,06,060020001052A,052A,0000000000000000003e
6.280949170508807E-4,0001,002,06,0600200010680,0680,0000000000000000003f
9.315149598265577E-4,0001,002,06,0600200010712,0712,00000000000000000040
9.599862176087228E-4,0001,002,06,0600200010746,0746,00000000000000000041
0.0013735779357958392,0001,002,06,0600200010750,0750,00000000000000000042
0.0011408216758416509,0001,002,06,0600200010765,0765,00000000000000000043
7.023459096587108E-4,0001,002,06,0600200010816,0816,00000000000000000044
4.2953711361458445E-4,0001,002,06,0600200011087,1087,00000000000000000045
6.153509260472824E-4,0001,002,06,0600200011123,1123,00000000000000000046
6.410055531993033E-4,0001,002,06,0600200011157,1157,00000000000000000047
0.0010984834953943021,0001,002,06,0600200011227,1227,00000000000000000048
2.351394454055341E-4,0001,002,06,0600200011231,1231,00000000000000000049
4.7532112356156307E-4,0001,002,06,0600200011250,1250,0000000000000000004a
4.6445812069399365E-4,0001,002,06,0600200011246,1246,0000000000000000004b
7.799824952549233E-4,0001,002,06,0600200011265,1265,0000000000000000004c
0.0010101636093994282,0001,002,06,060020001127A,127A,0000000000000000004d
3.5322444454492807E-4,0001,002,06,0600200011284,1284,0000000000000000004e
7.083670136522756E-4,0001,002,06,0600200011161,1161,0000000000000000004f
7.289345415520441E-4,0001,002,06,0600200010549,0549,00000000000000000050
7.591709809580121E-4,0001,002,06,0600200010572,0572,00000000000000000051
4.37824007121299E-5,0001,002,06,0600200011551,1551,00000000000000000052
0.0015517589144915548,0001,002,06,0600200010801,0801,00000000000000000053
7.097246711806333E-4,0001,002,06,0600200010820,0820,00000000000000000054
9.529405572025148E-4,0001,002,06,0600200010835,0835,00000000000000000055
9.960100645462473E-4,0001,002,06,060020001084A,084A,00000000000000000056
8.259707631097567E-4,0001,002,06,0600200010854,0854,00000000000000000057
4.216478972961183E-4,0001,002,06,0600200010869,0869,00000000000000000058
7.260245363436724E-4,0001,002,06,0600200010873,0873,00000000000000000059
0.0011078533796297107,0001,002,06,0600200010888,0888,0000000000000000005a
7.99891079127241E-4,0001,002,06,0600200010892,0892,0000000000000000005b
0.001816614469722876,0001,002,06,060020001091A,091A,0000000000000000005c
0.0011867299545963608,0001,002,06,0600200010924,0924,0000000000000000005d
0.0014903890118690352,0001,002,06,0600200010943,0943,0000000000000000005e
7.095924000592178E-4,0001,002,06,0600200010958,0958,0000000000000000005f
0.001108047849037895,0001,002,06,0600200010962,0962,00000000000000000060
5.610551115615807E-4,0001,002,06,0600200011015,1015,00000000000000000061
5.579638940669151E-4,0001,002,06,060020001102A,102A,00000000000000000062
5.641595431992041E-4,0001,002,06,0600200011299,1299,00000000000000000063
5.069659210419731E-4,0001,002,06,0600200011354,1354,00000000000000000064
7.448182929333484E-4,0001,002,06,0600200011439,1439,00000000000000000065
8.973554430417402E-4,0001,002,06,0600200011462,1462,00000000000000000066
8.590456176564762E-4,0001,002,06,0600200010322,0322,00000000000000000067
0.0025782439918822847,0001,002,06,0600200010021,0021,00000000000000000068
5.625548441267116E-4,0001,002,06,0600200010534,0534,00000000000000000069
0.0011500787256539956,0001,002,06,060020001077A,077A,0000000000000000006a
7.209015807778963E-4,0001,002,06,0600200010939,0939,0000000000000000006b
2.973735638591886E-4,0001,002,06,0600200010981,0981,0000000000000000006c
2.613502495756169E-4,0001,002,06,0600200011547,1547,0000000000000000006d
0.0012784237126382087,0001,002,06,0600200011405,1405,0000000000000000006e
0.0013398030312208962,0001,002,06,0600200010341,0341,0000000000000000006f
1.6690788350292568E-4,0001,002,06,0600200011212,1212,00000000000000000070
0.001164032067585129,0001,002,06,0600200010356,0356,00000000000000000071
0.001136494228024233,0001,002,06,060020001141A,141A,00000000000000000072
0.0021177048394429602,0001,002,06,0600200010394,0394,00000000000000000073
8.160650162886622E-4,0001,002,06,0600200011509,1509,00000000000000000074
4.0103767370473493E-4,0001,002,06,0600200011335,1335,00000000000000000075
1.313472021363897E-4,0001,002,06,0600200011392,1392,00000000000000000076
0.001470608275550027,0001,002,06,0600200011513,1513,00000000000000000077
5.366921769469443E-4,0001,002,06,0600200011528,1528,00000000000000000078
0.0018133447628655374,0001,002,06,0600200011301,1301,00000000000000000079
9.879957077703883E-4,0001,002,06,0600200011053,1053,0000000000000000007a
7.810436915293252E-4,0001,002,06,0600200011072,1072,0000000000000000007b
7.225779759775338E-4,0001,002,06,0600200010731,0731,0000000000000000007c
7.050026108856433E-4,0001,002,06,0600200010784,0784,0000000000000000007d
0.0011555153083237099,0001,002,06,0600200010799,0799,0000000000000000007e
0.001292854108725935,0001,002,06,0600200010638,0638,0000000000000000007f
2.349188206047528E-4,0001,002,06,060020001166A,166A,00000000000000000080
3.4781979498059944E-4,0001,002,06,0600200011566,1566,00000000000000000081
8.9971767478783E-4,0001,002,06,0600200011602,1602,00000000000000000082
0.0016092893624327605,0001,002,06,0600200011176,1176,00000000000000000083
8.862641338820223E-4,0001,002,06,0600200011532,1532,00000000000000000084
3.6168864195137323E-4,0001,002,06,0600200011636,1636,00000000000000000085
4.0386793242449127E-4,0001,002,06,0600200011369,1369,00000000000000000086
0.0014598847510343407,0001,002,06,0600200011424,1424,00000000000000000087
2.620777759627015E-4,0001,002,06,0600200011477,1477,00000000000000000088
0.0011237822482825525,0001,002,06,0600200010623,0623,00000000000000000089
6.064469937271877E-4,0001,002,06,0600200011674,1674,0000000000000000008a
3.151293721618172E-4,0001,002,06,0600200011710,1710,0000000000000000008b
4.443803283309508E-5,0001,002,06,0600200010074,0074,0000000000000000008c
6.43418689887747E-4,0001,002,06,0600200011655,1655,0000000000000000008d
8.851440266360279E-5,0001,002,06,060020001006A,006A,0000000000000000008e
6.823281834276187E-6,0001,003,06,0600300010141,0141,0000000000000000008f
2.2409860127429811E-4,0001,003,06,060030001018A,018A,00000000000000000090
4.093969100565712E-5,0001,003,06,0600300010175,0175,00000000000000000091
6.803176981381944E-4,0001,003,06,0600300010048,0048,00000000000000000092
9.220575296649417E-4,0001,003,06,0600300010090,0090,00000000000000000093
2.2319677591096674E-4,0001,003,06,0600300010137,0137,00000000000000000094
1.9334135496662934E-4,0001,003,06,0600300010156,0156,00000000000000000095
1.1591306962463695E-5,0001,003,06,0600300010194,0194,00000000000000000097
0.0010495608452525435,0001,003,06,0600300010118,0118,00000000000000000098
1.8591784397853937E-5,0001,003,06,0600300010160,0160,0000000000000000009a
0.001081336901453872,0001,003,06,0600300010103,0103,0000000000000000009b
3.4109812911177413E-4,0001,003,06,0600300010067,0067,0000000000000000009c
7.248060485819798E-4,0001,003,06,0600300010122,0122,0000000000000000009d
2.8828944359866262E-5,0001,003,06,0600300010207,0207,0000000000000000009e
8.159105909221693E-4,0001,003,06,0600300010052,0052,0000000000000000009f
7.250965463682509E-4,0035,003,06,0600300350071,0071,00000000000000000096
8.450845637789918E-4,0035,003,06,0600300350086,0086,00000000000000000099
0.002066507925719742,0001,004,06,0600400010100,0100,000000000000000000a0
0.0014640931374601844,0001,004,06,0600400010187,0187,000000000000000000a1
3.6998954688767543E-4,0001,004,06,0600400010242,0242,000000000000000000a2
0.0017894896418221581,0001,004,06,0600400010083,0083,000000000000000000a3
5.781034921204695E-4,0001,004,06,0600400010238,0238,000000000000000000a4
5.46178563249571E-4,0001,004,06,0600400010257,0257,000000000000000000a5
0.001969996139886971,0001,004,06,0600400010172,0172,000000000000000000a6
0.001542100957468392,0001,004,06,0600400010153,0153,000000000000000000a9
2.0943883152049913E-4,0001,004,06,0600400010191,0191,000000000000000000ab
0.0017156472381089822,0015,004,06,0600400150223,0223,000000000000000000a7
0.0012050136149202983,0015,004,06,0600400150204,0204,000000000000000000a8
0.0011110210191772653,0015,004,06,0600400150219,0219,000000000000000000aa
1.676965629916135E-4,0001,005,06,0600500010343,0343,000000000000000000ad
0.0012838290831520835,0001,005,06,0600500010235,0235,000000000000000000ae
1.3874943488003232E-4,0001,005,06,0600500010339,0339,000000000000000000b0
9.370764742951118E-5,0001,005,06,0600500010305,0305,000000000000000000b1
8.941528021134564E-4,0001,005,06,0600500010108,0108,000000000000000000b2
9.838114994469693E-4,0001,005,06,0600500010112,0112,000000000000000000b3
7.436414341292622E-4,0001,005,06,0600500010150,0150,000000000000000000b4
4.075999720144685E-4,0001,005,06,0600500010184,0184,000000000000000000b5
4.2276828422554215E-4,0001,005,06,0600500010220,0220,000000000000000000b6
9.108588909996168E-5,0001,005,06,060050001024A,024A,000000000000000000b7
6.294054940592226E-4,0001,005,06,0600500010288,0288,000000000000000000b8
4.3297904892290496E-4,0001,005,06,0600500010292,0292,000000000000000000b9
2.6030069670414884E-4,0001,005,06,0600500010324,0324,000000000000000000c0
1.1965090070164327E-4,0001,005,06,0600500010254,0254,000000000000000000c1
8.164310952495306E-5,0001,005,06,060050001031A,031A,000000000000000000c2
0.0014870671182298796,0018,005,06,0600500180038,0038,000000000000000000ba
6.144697632884412E-4,0018,005,06,0600500180131,0131,000000000000000000bb
7.337146966463446E-4,0018,005,06,060050018017A,017A,000000000000000000bc
1.9858829558256396E-5,0018,005,06,0600500180216,0216,000000000000000000bd
0.0010104885592863988,0018,005,06,0600500180080,0080,000000000000000000c3
7.018532984957635E-4,0018,005,06,0600500180095,0095,000000000000000000c4
3.695099750639147E-4,0023,005,06,0600500230273,0273,000000000000000000ac
2.3296277616810317E-4,0023,005,06,0600500230269,0269,000000000000000000af
7.539331212802067E-4,0023,005,06,0600500230199,0199,000000000000000000be
4.954821495755233E-4,0023,005,06,0600500230201,0201,000000000000000000bf
6.642506258422401E-4,0001,006,06,0600600010069,0069,000000000000000000c5
5.044317855390948E-4,0001,006,06,0600600010073,0073,000000000000000000c6
2.6984030949067142E-5,0001,006,06,0600600010092,0092,000000000000000000c7
3.312027005614902E-5,0001,006,06,0600600010105,0105,000000000000000000c8
1.9861014442995863E-5,0001,006,06,060060001011A,011A,000000000000000000c9
2.3833217331595036E-4,0001,006,06,0600600010124,0124,000000000000000000ca
3.194231776255054E-4,0001,006,06,0600600010088,0088,000000000000000000cb
6.546975123424204E-4,0001,007,06,0600700010564,0564,000000000000000000cc
0.0035707381152563556,0001,007,06,0600700010530,0530,000000000000000000cd
0.002933374790178301,0001,007,06,0600700010545,0545,000000000000000000ce
0.003191607960313233,0001,007,06,0600700010668,0668,000000000000000000cf
0.0014535434464759596,0001,007,06,0600700010687,0687,000000000000000000d0
0.004237113492653255,0001,007,06,0600700010691,0691,000000000000000000d1
4.048444692522948E-4,0001,007,06,0600700011011,1011,000000000000000000d2
6.716580857307318E-4,0001,007,06,0600700011331,1331,000000000000000000d3
0.002486871172447179,0001,007,06,0600700010456,0456,000000000000000000d4
0.0015635016434851464,0001,007,06,0600700011717,1717,000000000000000000d5
7.643244271331736E-4,0001,007,06,0600700010649,0649,000000000000000000d6
7.006070495349501E-5,0001,007,06,0600700011204,1204,000000000000000000d7
0.0027454786297207634,0001,007,06,0600700010808,0808,000000000000000000d8
9.793026265538336E-5,0001,007,06,0600700011581,1581,000000000000000000d9
0.0021859922790717413,0001,007,06,060070001009A,009A,000000000000000000da
0.0011332304884340044,0001,007,06,0600700010422,0422,000000000000000000db
7.916904816704511E-4,0001,007,06,0600700010193,0193,000000000000000000dc
0.001453401462551566,0001,007,06,0600700010333,0333,000000000000000000dd
0.0013397816068439902,0001,007,06,0600700010348,0348,000000000000000000de
0.0012465720354826106,0001,007,06,0600700010390,0390,000000000000000000df
0.001113305719272452,0001,007,06,0600700010403,0403,000000000000000000e0
0.0013411688195836772,0001,007,06,0600700010507,0507,000000000000000000e1
0.00347103270857174,0001,007,06,0600700010511,0511,000000000000000000e2
0.002453196728271621,0001,007,06,0600700010704,0704,000000000000000000e3
0.001958686211309063,0001,007,06,0600700010738,0738,000000000000000000e4
6.112254774642676E-4,0001,007,06,0600700011492,1492,000000000000000000e5
4.904426294757066E-4,0001,007,06,060070001087A,087A,000000000000000000e6
5.264194702444714E-4,0001,007,06,0600700010884,0884,000000000000000000e7
0.0010502519384959753,0001,007,06,0600700010899,0899,000000000000000000e8
0.0016657238320594509,0001,007,06,0600700010901,0901,000000000000000000e9
5.9787166147196074E-5,0001,007,06,0600700010954,0954,000000000000000000ea
1.6740630453939375E-4,0001,007,06,0600700011774,1774,000000000000000000eb
6.570322109898237E-4,0001,007,06,0600700011064,1064,000000000000000000ec
3.7850399868122927E-4,0001,007,06,0600700011079,1079,000000000000000000ed
1.3893763294851806E-4,0001,007,06,0600700011098,1098,000000000000000000ee
8.305369415704159E-4,0001,007,06,0600700011168,1168,000000000000000000ef
2.1829481338009558E-5,0001,007,06,0600700011172,1172,000000000000000000f0
3.6418687741753106E-4,0001,007,06,0600700011191,1191,000000000000000000f1
0.0015527486539386474,0001,007,06,0600700011219,1219,000000000000000000f2
0.0010090001825151548,0001,007,06,0600700011257,1257,000000000000000000f3
7.086754791824197E-4,0001,007,06,0600700011261,1261,000000000000000000f4
6.089587150873135E-4,0001,007,06,0600700011327,1327,000000000000000000f5
9.131510121790712E-4,0001,007,06,0600700011401,1401,000000000000000000f6
0.0013362308907008884,0001,007,06,0600700011473,1473,000000000000000000f7
0.0010905890462009355,0001,007,06,0600700011488,1488,000000000000000000f8
0.0015853765445083296,0001,007,06,0600700011505,1505,000000000000000000f9
5.566355196765116E-4,0001,007,06,0600700011524,1524,000000000000000000fa
0.002353356952419095,0001,007,06,0600700011543,1543,000000000000000000fb
6.16047253854527E-4,0001,007,06,0600700011596,1596,000000000000000000fc
9.29865466635225E-4,0001,007,06,0600700011628,1628,000000000000000000fd
0.0013883949615984537,0001,007,06,0600700011666,1666,000000000000000000fe
8.381649517233589E-4,0001,007,06,0600700011670,1670,000000000000000000ff
0.0011007203704656745,0001,007,06,0600700011702,1702,00000000000000000100
1.9037004985439417E-5,0001,007,06,0600700011083,1083,00000000000000000104
7.138320019778748E-4,0001,007,06,0600700011308,1308,00000000000000000105
3.977400553301678E-4,0001,007,06,060070001176A,176A,00000000000000000106
1.7223906311816188E-4,0001,007,06,060070001144A,144A,00000000000000000107
2.0925788067424218E-4,0001,007,06,0600700011806,1806,00000000000000000108
1.7492022639171797E-4,0001,007,06,0600700011577,1577,00000000000000000109
1.284446257480742E-4,0001,007,06,0600700011365,1365,0000000000000000010a
1.2581775323986216E-4,0001,007,06,060070001137A,137A,0000000000000000010b
2.1408604636962713E-4,0001,007,06,0600700011685,1685,0000000000000000010c
6.056276559218312E-5,0001,007,06,060070001112A,112A,0000000000000000010d
7.267531871061975E-5,0001,007,06,0600700011187,1187,0000000000000000010e
8.005003916469397E-4,0001,007,06,0600700010314,0314,0000000000000000010f
1.9646533204208602E-4,0001,007,06,0600700011115,1115,00000000000000000111
2.143627371752414E-4,0001,007,06,060070001016A,016A,00000000000000000112
0.001154191797361629,0001,007,06,0600700010174,0174,00000000000000000113
0.0010172586457720643,0001,007,06,0600700010352,0352,00000000000000000114
0.0011217015307341837,0001,007,06,0600700010329,0329,00000000000000000115
0.0012654846091074484,0001,007,06,0600700010418,0418,00000000000000000116
0.003563932451636444,0001,007,06,0600700010460,0460,00000000000000000117
9.565946583551372E-5,0001,007,06,0600700011736,1736,00000000000000000118
6.681145967703159E-4,0001,007,06,0600700011007,1007,00000000000000000119
0.0012592198983903795,0001,007,06,0600700010615,0615,0000000000000000011a
0.001296294326727724,0001,007,06,0600700010634,0634,0000000000000000011b
0.0034566581179496874,0001,007,06,060070001048A,048A,0000000000000000011c
0.003100357249176407,0001,007,06,0600700010526,0526,0000000000000000011d
3.912816663699026E-5,0001,007,06,0600700011384,1384,0000000000000000011e
8.974660958060265E-4,0001,007,06,0600700010583,0583,0000000000000000011f
0.003646068006350599,0001,007,06,0600700010672,0672,00000000000000000120
6.40108062136192E-4,0001,007,06,0600700010988,0988,00000000000000000121
0.002225620737304342,0001,007,06,0600700010742,0742,00000000000000000122
1.7298876677332726E-4,0001,007,06,0600700011454,1454,00000000000000000123
0.001666094042643595,0001,007,06,0600700010795,0795,00000000000000000124
4.644287184000659E-4,0001,007,06,0600700011026,1026,00000000000000000125
0.0015678793177540669,0001,007,06,0600700011030,1030,00000000000000000126
4.4371779803880176E-4,0001,007,06,0600700011045,1045,00000000000000000127
1.5232764449654617E-4,0001,007,06,060070001105A,105A,00000000000000000128
3.945952965714941E-4,0001,007,06,0600700011100,1100,00000000000000000129
0.0010250267081376991,0001,007,06,060070001183A,183A,0000000000000000012a
0.0014158151007801188,0001,007,06,0600700011295,1295,0000000000000000012b
0.001778198886549373,0001,007,06,0600700011609,1609,0000000000000000012c
1.022876023796424E-4,0001,007,06,0600700011825,1825,0000000000000000012d
6.056276559218312E-5,0001,007,06,0600700010973,0973,0000000000000000012e
5.875815759323001E-5,0001,007,06,0600700011346,1346,00000000000000000130
4.863423213062321E-4,0001,007,06,0600700010969,0969,00000000000000000131
3.489024202332186E-4,0001,007,06,0600700011350,1350,00000000000000000132
3.3574658307535286E-4,0001,007,06,0600700011755,1755,00000000000000000133
1.6324392594832052E-4,0001,007,06,0600700011810,1810,00000000000000000134
1.6775550384880234E-4,0001,007,06,0600700011149,1149,00000000000000000135
7.158546369558168E-4,0001,007,06,060070001151A,151A,00000000000000000136
0.002491929920705007,0001,007,06,0600700011793,1793,00000000000000000137
3.0608236115310097E-4,0001,007,06,0600700011721,1721,00000000000000000138
0.0015028428945913245,0001,007,06,0600700011469,1469,00000000000000000139
9.263787498196202E-4,0001,007,06,0600700011844,1844,0000000000000000013a
0.0019614608785019417,0001,007,06,0600700010475,0475,0000000000000000013c
4.332989243953088E-4,0001,007,06,0600700010140,0140,0000000000000000013d
0.0022783342898702,0001,007,06,0600700010653,0653,0000000000000000013e
0.0019770174132143657,0001,007,06,0600700011740,1740,0000000000000000013f
4.7387072490180356E-4,0001,007,06,0600700011558,1558,00000000000000000140
2.151787808294069E-4,0001,007,06,0600700011647,1647,00000000000000000141
2.7973241507822893E-4,0001,007,06,0600700011562,1562,00000000000000000142
0.002147057165396747,0001,007,06,0600700010761,0761,00000000000000000143
0.00501503981084153,0001,007,06,0600700011878,1878,00000000000000000144
8.186221083079048E-4,0001,007,06,0600700011613,1613,00000000000000000145
8.362969043135297E-4,0001,007,06,0600700011632,1632,00000000000000000146
9.202085912711308E-4,0001,007,06,0600700010189,0189,00000000000000000147
0.0015234104056027677,0001,007,06,0600700010437,0437,00000000000000000148
4.067785054826786E-4,0001,007,06,0600700010992,0992,00000000000000000149
2.8977170144603697E-4,0001,007,06,060070001169A,169A,0000000000000000014a
0.002232729975953751,0001,007,06,0600700011223,1223,0000000000000000014b
3.5641106722239264E-4,0001,007,06,060070001190A,190A,0000000000000000014c
4.331508808328659E-4,0001,007,06,0600700011882,1882,0000000000000000014d
7.256577915628424E-4,0001,007,06,0600700011897,1897,0000000000000000014e
0.003726469212601851,0001,007,06,0600700010831,0831,0000000000000000014f
0.001429747398709132,0001,007,06,0600700011242,1242,00000000000000000150
8.973519014168316E-4,0001,007,06,0600700011651,1651,00000000000000000151
2.6172592900237284E-4,0001,007,06,0600700011789,1789,00000000000000000152
1.6307691177945707E-4,0001,007,06,0600700011863,1863,00000000000000000153
0.00243827983488372,0001,007,06,0600700011539,1539,00000000000000000158
3.2648785189664105E-4,0001,007,06,0600700011859,1859,00000000000000000159
3.1322455083434406E-5,0001,007,06,0600700010085,0085,0000000000000000015a
0.001968522584962729,0021,007,06,0600700210827,0827,00000000000000000101
0.0018266624719511784,0021,007,06,0600700210916,0916,00000000000000000102
0.0013416444895025443,0021,007,06,0600700210920,0920,00000000000000000103
0.0011236260191529901,0021,007,06,060070021094A,094A,00000000000000000110
8.016939879453676E-4,0021,007,06,0600700210935,0935,0000000000000000012f
0.0029978335911559654,0021,007,06,0600700210812,0812,0000000000000000013b
4.308360916707134E-4,0044,007,06,0600700440013,0013,00000000000000000154
3.0990132619613533E-4,0044,007,06,0600700440028,0028,00000000000000000155
4.339644451995847E-4,0044,007,06,0600700440047,0047,00000000000000000156
8.70850370511586E-4,0044,007,06,0600700440066,0066,00000000000000000157
1.7877165989374784E-4,0001,008,06,0600800010078,0078,0000000000000000015b
4.724756531386483E-4,0001,008,06,060080001010A,010A,0000000000000000015c
1.1096975571486643E-4,0001,008,06,0600800010133,0133,0000000000000000015d
1.2092912285970454E-4,0001,008,06,0600800010129,0129,0000000000000000015e
1.6587327725734228E-4,0001,008,06,0600800010114,0114,0000000000000000015f
2.741682556967148E-4,0001,008,06,0600800010097,0097,00000000000000000160
0.0022950183437227658,0001,009,06,060090001086A,086A,00000000000000000161
2.577014938839949E-4,0001,009,06,060090001104A,104A,00000000000000000162
0.0,0001,009,06,0600900011073,1073,00000000000000000165
0.0021546578119615825,0001,009,06,060090001022A,022A,00000000000000000167
0.005419193993499604,0001,009,06,0600900010357,0357,00000000000000000168
9.000981971886719E-4,0001,009,06,0600900010465,0465,00000000000000000169
9.391526125005509E-4,0001,009,06,060090001054A,054A,0000000000000000016a
0.0017711004328164258,0001,009,06,0600900011105,1105,0000000000000000016b
9.901311991132556E-5,0001,009,06,060090001111A,111A,00000000000000000175
7.776951431458263E-4,0001,009,06,0600900010200,0200,00000000000000000176
0.0011897591403345529,0001,009,06,0600900010272,0272,00000000000000000177
0.0013782057331405567,0001,009,06,0600900010446,0446,00000000000000000178
0.0015848949718145796,0001,009,06,0600900010516,0516,00000000000000000179
0.0016192635571668384,0001,009,06,0600900010535,0535,0000000000000000017a
0.0014821597545122288,0001,009,06,0600900010569,0569,0000000000000000017b
5.657356686910359E-4,0001,009,06,0600900010592,0592,0000000000000000017c
0.0015839156591486167,0001,009,06,0600900010696,0696,0000000000000000017d
3.1182949223805664E-4,0001,009,06,0600900010732,0732,0000000000000000017e
6.502375493105507E-4,0001,009,06,0600900010766,0766,0000000000000000017f
1.0865047776373725E-4,0001,009,06,0600900010770,0770,00000000000000000180
3.964638367446075E-5,0001,009,06,0600900010802,0802,00000000000000000181
6.914121312237825E-5,0001,009,06,0600900010817,0817,00000000000000000182
3.2595143329121177E-4,0001,009,06,0600900010889,0889,00000000000000000183
4.938658080169875E-5,0001,009,06,0600900010893,0893,00000000000000000184
4.909880418488928E-4,0001,009,06,0600900010906,0906,00000000000000000185
8.83637680574137E-4,0001,009,06,0600900010925,0925,00000000000000000186
0.0010420222684270446,0001,009,06,060090001093A,093A,00000000000000000187
6.914121312237825E-5,0001,009,06,0600900010944,0944,00000000000000000188
1.4042496134321865E-5,0001,009,06,0600900010959,0959,00000000000000000189
0.0014757481464461113,0001,009,06,0600900010982,0982,0000000000000000018a
0.0010471005872545165,0001,009,06,0600900010997,0997,0000000000000000018b
7.95631215931187E-4,0001,009,06,0600900011016,1016,0000000000000000018c
5.92638969620385E-5,0001,009,06,0600900010785,0785,0000000000000000018d
5.205006948828412E-5,0001,009,06,0600900010747,0747,0000000000000000018e
0.0014904605233871191,0001,009,06,0600900010499,0499,0000000000000000018f
1.3174026922456514E-5,0001,009,06,0600900010821,0821,00000000000000000190
3.9509264641359E-5,0001,009,06,0600900010874,0874,00000000000000000192
0.0,0001,009,06,0600900011069,1069,00000000000000000193
1.0483342693895712E-4,0001,009,06,0600900011124,1124,00000000000000000194
0.001193540518489176,0001,009,06,0600900010484,0484,00000000000000000195
0.0013539436888046867,0001,009,06,0600900010450,0450,00000000000000000196
0.0014959734017829546,0001,009,06,0600900010501,0501,00000000000000000197
9.901311991132556E-5,0001,009,06,060090001079A,079A,00000000000000000198
5.313148386491554E-4,0001,009,06,0600900011035,1035,00000000000000000199
3.150538808075713E-4,0001,009,06,0600900011139,1139,0000000000000000019a
0.0010792415234087598,0001,009,06,0600900010520,0520,0000000000000000019c
1.5362644053748678E-4,0001,009,06,0600900010978,0978,0000000000000000019d
2.0890188788336795E-4,0001,009,06,0600900010709,0709,0000000000000000019e
0.0016393648097262107,0001,009,06,0600900010323,0323,0000000000000000019f
8.325385861482885E-4,0001,009,06,0600900010573,0573,000000000000000001a0
3.851337493839207E-4,0001,009,06,0600900010234,0234,000000000000000001a1
9.648797878750961E-4,0001,009,06,060090001047A,047A,000000000000000001a2
7.133191274905383E-4,0001,009,06,0600900011001,1001,000000000000000001a3
0.0012338585563632751,0001,009,06,0600900010639,0639,000000000000000001a4
2.37055587848154E-4,0001,009,06,0600900010836,0836,000000000000000001a9
4.895370020585293E-4,0001,009,06,0600900010910,0910,000000000000000001aa
0.0010883621291262518,0001,009,06,0600900010554,0554,000000000000000001ab
3.607718121227349E-4,0001,009,06,0600900010855,0855,000000000000000001ac
2.5204310464605704E-4,0001,009,06,0600900011054,1054,000000000000000001ad
0.002945857694152835,0001,009,06,0600900010361,0361,000000000000000001ae
3.477003896517191E-4,0001,009,06,0600900010963,0963,000000000000000001af
0.001187986131978897,0001,009,06,0600900011020,1020,000000000000000001b0
0.001055809222410894,0001,009,06,0600900011092,1092,000000000000000001b1
3.2313667396894914E-4,0001,009,06,0600900010164,0164,000000000000000001b2
3.93955495007138E-4,0011,009,06,0600900110728,0728,00000000000000000166
7.708876026201324E-4,0011,009,06,0600900110380,0380,0000000000000000016c
0.0014753129923647079,0011,009,06,0600900110395,0395,0000000000000000016d
0.002301884299810511,0011,009,06,0600900110408,0408,0000000000000000016e
0.0013419351094898359,0011,009,06,0600900110427,0427,0000000000000000016f
1.879804522230113E-4,0011,009,06,0600900111158,1158,00000000000000000170
0.0018068349213204084,0025,009,06,0600900250287,0287,00000000000000000163
0.0015405702835933558,0025,009,06,0600900250291,0291,00000000000000000164
0.0016764321667181654,0025,009,06,0600900250304,0304,00000000000000000171
8.515187073812229E-4,0025,009,06,0600900250658,0658,00000000000000000172
1.2367549180554785E-4,0025,009,06,0600900250840,0840,00000000000000000191
7.484004190101324E-5,0025,009,06,0600900251088,1088,0000000000000000019b
0.0017797369384543074,0025,009,06,0600900251143,1143,000000000000000001a8
0.001209149763426834,0080,009,06,0600900800431,0431,00000000000000000173
8.050773653789725E-4,0080,009,06,0600900800605,0605,00000000000000000174
9.092654633305773E-4,0080,009,06,060090080061A,061A,000000000000000001a5
5.318626380213382E-4,0080,009,06,0600900800624,0624,000000000000000001a6
1.8935968257264843E-5,0080,009,06,0600900800713,0713,000000000000000001a7
8.957400122359004E-5,0001,010,06,0601000010841,0841,000000000000000001b3
2.16582261137352E-4,0001,010,06,0601000010536,0536,000000000000000001b4
8.542501237068388E-4,0001,010,06,0601000010150,0150,000000000000000001b5
3.3144598366728454E-4,0001,010,06,060100001017A,017A,000000000000000001b6
4.113867007498377E-4,0001,010,06,0601000010790,0790,000000000000000001b7
3.681627197096312E-4,0001,010,06,0601000010466,0466,000000000000000001b8
6.915881018954141E-4,0001,010,06,0601000010339,0339,000000000000000001b9
3.3990359687601364E-5,0001,010,06,0601000010485,0485,000000000000000001ba
3.321882543238835E-4,0001,010,06,0601000010729,0729,000000000000000001bb
4.177951376969614E-4,0001,010,06,0601000010930,0930,000000000000000001bc
2.1131878221100332E-4,0001,010,06,0601000010907,0907,000000000000000001bd
2.847180917440889E-4,0001,010,06,0601000011106,1106,000000000000000001be
8.689893963288486E-4,0001,010,06,0601000011318,1318,000000000000000001bf
3.6257855411921146E-4,0001,010,06,0601000010470,0470,000000000000000001c0
6.396989672693512E-4,0001,010,06,0601000010131,0131,000000000000000001c1
1.6972926263278827E-4,0001,010,06,0601000010714,0714,000000000000000001c2
4.238215294045857E-4,0001,010,06,0601000010428,0428,000000000000000001c3
5.108480343024042E-4,0001,010,06,0601000011002,1002,000000000000000001c4
1.0861714142097577E-4,0001,010,06,0601000011290,1290,000000000000000001c5
0.0011822916971848255,0001,010,06,0601000010095,0095,000000000000000001c6
7.948556269182598E-4,0001,010,06,0601000010432,0432,000000000000000001c7
0.00118689031200061,0001,010,06,0601000010108,0108,000000000000000001c8
0.0011411069693042734,0001,010,06,0601000010146,0146,000000000000000001c9
2.974156472665119E-4,0001,010,06,0601000010894,0894,000000000000000001ca
5.043533750275645E-4,0001,010,06,0601000010165,0165,000000000000000001cb
2.1126614678993475E-4,0001,010,06,0601000010184,0184,000000000000000001cc
5.968028970219883E-4,0001,010,06,0601000010199,0199,000000000000000001cd
4.52101095647933E-4,0001,010,06,0601000010201,0201,000000000000000001ce
6.946450694146581E-4,0001,010,06,060100001024A,024A,000000000000000001cf
1.7325766410917606E-4,0001,010,06,0601000011303,1303,000000000000000001d0
5.14345069522645E-4,0001,010,06,0601000010343,0343,000000000000000001d1
9.025423442211967E-4,0001,010,06,0601000010358,0358,000000000000000001d2
4.699804557923363E-4,0001,010,06,0601000010362,0362,000000000000000001d3
6.202983373582147E-5,0001,010,06,060100001049A,049A,000000000000000001d4
3.0901895993964816E-4,0001,010,06,0601000010502,0502,000000000000000001d5
9.035666418805929E-4,0001,010,06,0601000010555,0555,000000000000000001d6
4.541174396276225E-4,0001,010,06,060100001056A,056A,000000000000000001d7
4.870087062539916E-4,0001,010,06,0601000010574,0574,000000000000000001d8
6.685062538229777E-4,0001,010,06,0601000010606,0606,000000000000000001d9
6.982859083778817E-4,0001,010,06,0601000010610,0610,000000000000000001da
7.697685272902189E-4,0001,010,06,0601000010625,0625,000000000000000001db
8.475133912052818E-5,0001,010,06,0601000010644,0644,000000000000000001dc
2.363497626403172E-4,0001,010,06,0601000010659,0659,000000000000000001dd
8.861404819403066E-5,0001,010,06,0601000010663,0663,000000000000000001de
2.710391414865238E-4,0001,010,06,0601000010678,0678,000000000000000001df
2.091150542100053E-4,0001,010,06,0601000010682,0682,000000000000000001e0
2.8356495422089814E-4,0001,010,06,0601000010697,0697,000000000000000001e1
4.960998287605517E-4,0001,010,06,0601000010748,0748,000000000000000001e2
6.710199954873138E-4,0001,010,06,0601000010767,0767,000000000000000001e3
2.597646035484111E-4,0001,010,06,0601000010786,0786,000000000000000001e4
1.1519826265223987E-4,0001,010,06,0601000010822,0822,000000000000000001e5
4.020572438794482E-4,0001,010,06,060100001088A,088A,000000000000000001e6
1.0978016704449325E-4,0001,010,06,0601000010911,0911,000000000000000001e7
5.834768233709551E-4,0001,010,06,0601000010945,0945,000000000000000001e8
5.232454026611348E-4,0001,010,06,060100001095A,095A,000000000000000001e9
4.335108880465131E-4,0001,010,06,0601000010964,0964,000000000000000001ea
1.9201005524319275E-4,0001,010,06,0601000011233,1233,000000000000000001eb
3.813876015116086E-4,0001,010,06,0601000011248,1248,000000000000000001ec
6.455076731724912E-5,0001,010,06,0601000011271,1271,000000000000000001ed
0.0019401025086037145,0001,010,06,060100001031A,031A,000000000000000001ee
2.7987332109111933E-4,0001,010,06,0601000011040,1040,000000000000000001ef
5.3168428916418404E-5,0001,010,06,0601000010837,0837,000000000000000001f0
3.3122588024872096E-4,0001,010,06,0601000011267,1267,000000000000000001f1
5.632539287140514E-4,0001,010,06,0601000011322,1322,000000000000000001f2
3.227538365862456E-5,0001,010,06,0601000011197,1197,000000000000000001f3
3.0591323718841225E-4,0001,010,06,0601000010447,0447,000000000000000001f4
2.926593691060061E-4,0001,010,06,0601000010983,0983,000000000000000001f5
7.270187238185675E-4,0001,010,06,0601000010998,0998,000000000000000001f6
9.850790840020092E-5,0001,010,06,0601000011021,1021,000000000000000001f7
5.096650482061171E-4,0001,010,06,0601000011036,1036,000000000000000001f8
1.5114440013397812E-4,0001,010,06,0601000011110,1110,000000000000000001f9
1.595052867492552E-4,0001,010,06,0601000011125,1125,000000000000000001fa
5.245085097810209E-4,0001,010,06,0601000010979,0979,000000000000000001fb
3.465975941198298E-4,0001,010,06,0601000011055,1055,000000000000000001fc
1.9943135881804997E-4,0001,010,06,0601000011356,1356,000000000000000001fd
1.595052867492552E-4,0001,010,06,0601000010451,0451,000000000000000001fe
3.9554204358672535E-4,0001,010,06,060100001106A,106A,000000000000000001ff
3.719896804336862E-4,0001,010,06,0601000011074,1074,00000000000000000200
3.915820595230825E-4,0001,010,06,0601000010112,0112,00000000000000000201
4.3812903332178266E-4,0001,010,06,0601000010127,0127,00000000000000000202
5.978804591614496E-4,0001,010,06,0601000010589,0589,00000000000000000203
3.3594393978281895E-4,0001,010,06,0601000010771,0771,00000000000000000204
3.785851995175128E-4,0001,010,06,0601000011252,1252,00000000000000000205
0.004199958510848715,0001,010,06,0601000010288,0288,00000000000000000206
6.058131783325804E-5,0001,010,06,0601000010860,0860,00000000000000000207
2.4180879496311545E-4,0001,010,06,0601000010818,0818,00000000000000000208
1.699326238180073E-4,0001,010,06,0601000011286,1286,00000000000000000209
8.378566185215256E-5,0001,010,06,060100001070A,070A,0000000000000000020a
0.0030280224562730905,0001,010,06,0601000010305,0305,0000000000000000020b
4.6391651549126077E-4,0001,010,06,0601000010413,0413,0000000000000000020c
1.5919275751908986E-4,0001,010,06,0601000010856,0856,0000000000000000020d
3.910485553971511E-4,0001,010,06,0601000011159,1159,0000000000000000020e
4.133218671485402E-5,0001,010,06,060100001120A,120A,0000000000000000020f
4.0360664034756744E-4,0001,010,06,0601000010733,0733,00000000000000000210
7.293479334557925E-4,0001,010,06,0601000010521,0521,00000000000000000211
8.500024420455114E-4,0001,010,06,0601000010254,0254,00000000000000000212
3.3065749371883214E-4,0001,010,06,0601000011089,1089,00000000000000000213
9.925941863850813E-4,0001,010,06,0601000010517,0517,00000000000000000214
3.7581316713483377E-4,0001,010,06,0601000011229,1229,00000000000000000215
6.902631959514529E-4,0001,010,06,0601000010752,0752,00000000000000000216
3.004923959953511E-4,0001,010,06,0601000010926,0926,00000000000000000217
3.42210577982232E-4,0001,010,06,0601000011337,1337,00000000000000000218
7.345075649094969E-4,0001,010,06,0601000011182,1182,00000000000000000219
2.915949172172486E-5,0001,010,06,0601000010019,0019,0000000000000000021a
1.2272911720189418E-4,0001,010,06,060100001138A,138A,0000000000000000021b
4.177951376969614E-4,0001,010,06,0601000010875,0875,0000000000000000021c
1.8106217624935588E-4,0001,010,06,0601000011093,1093,0000000000000000021d
2.8797797137525033E-4,0001,010,06,0601000011214,1214,0000000000000000021e
2.4025050362184598E-4,0001,010,06,0601000011341,1341,0000000000000000021f
3.409284092142831E-4,0001,010,06,0601000011360,1360,00000000000000000220
2.0522480916708525E-4,0001,010,06,0601000011163,1163,00000000000000000221
4.205131338052013E-4,0001,010,06,0601000011017,1017,00000000000000000222
1.6145420851610646E-4,0001,010,06,0601000011178,1178,00000000000000000223
8.19897531341821E-4,0001,010,06,0601000011144,1144,00000000000000000224
6.822630479458269E-4,0001,010,06,060100001113A,113A,00000000000000000225
5.085351051559204E-4,0001,010,06,0601000011375,1375,00000000000000000226
