CVEGEO,$CO$,$HCHO$,$NO_2$,$O_3$,$SO_2$,NOM_ENT,NOM_MUN,NOM_LOC,POB_TOTAL,GM_2020
0600200010021,7.538192019996298,0.0526843493045655,0.023191054794088874,41.378637434335715,0.02071470331959161,Colima,Colima,Colima,1637,2
0600200010290,5.483005026903282,0.0382723419292046,0.017147058418208325,30.207803984551123,0.014378916816357069,Colima,Colima,Colima,2302,1
0600200010318,3.0225694066530977,0.020877238657406018,0.009552737493079506,16.584309166130318,0.007863773555466013,Colima,Colima,Colima,1959,2
0600200010322,3.1362480734342006,0.021822366819392182,0.009878966121516154,17.287212924778622,0.008218078625139956,Colima,Colima,Colima,2143,1
0600200010337,3.209967116367266,0.022319383971524,0.009965824200244208,17.647128755803156,0.008404283968778334,Colima,Colima,Colima,1335,1
0600200010341,4.400411012301108,0.030477110782495823,0.013613648325857129,24.11699817154518,0.011091906303313762,Colima,Colima,Colima,2333,2
0600200010356,3.4280295124640614,0.023897676242534735,0.010581562507318324,18.86923262176022,0.009319595695965239,Colima,Colima,Colima,1596,1
0600200010394,6.486877617146638,0.04547856937683225,0.01919401829171015,35.767288568395195,0.01907008051383765,Colima,Colima,Colima,2282,2
0600200010407,2.3988242789612975,0.016809657959854077,0.007041441868906649,13.26643493496874,0.006708233952672073,Colima,Colima,Colima,1037,3
0600200010411,3.633001847462098,0.0254590506159036,0.011644926443270434,20.081885420926298,0.01052505182636005,Colima,Colima,Colima,1140,1
0600200010464,10.343553031594652,0.0742455385611218,0.030190220643016123,57.32607701829431,0.02798787728026758,Colima,Colima,Colima,90,3
0600200010479,6.5621785321973745,0.04698447707052152,0.0190758620608975,36.185680203336744,0.01706569320824381,Colima,Colima,Colima,105,2
0600200010483,15.744536090237855,0.10909574867800124,0.0464639038722022,85.93924371280937,0.039744857107018076,Colima,Colima,Colima,742,3
060020001052A,1.5731151442298337,0.010796612374393921,0.004688477881300118,8.729587438033047,0.004540713692596099,Colima,Colima,Colima,1444,2
0600200010534,1.5859137881119294,0.011142216795362741,0.004741210807286818,8.721496254121137,0.004716413710104646,Colima,Colima,Colima,893,2
0600200010549,2.2472434429697574,0.015553869394056329,0.006734455613944662,12.388697571595277,0.006659340193835503,Colima,Colima,Colima,1675,2
0600200010568,1.6114939244866557,0.011296694420537837,0.004767812908258944,8.901514622623026,0.004501433910157513,Colima,Colima,Colima,892,2
0600200010572,2.0925063473055667,0.01475983859110832,0.006242917766566213,11.512305427926403,0.006198382170874627,Colima,Colima,Colima,1448,2
0600200010619,5.346400426579922,0.03740951823728118,0.01655446146254395,29.321580493696167,0.014435876288465488,Colima,Colima,Colima,406,1
0600200010623,3.534525240844745,0.024813920807272724,0.010432727103978834,19.544770822032305,0.01051104717545983,Colima,Colima,Colima,115,5
0600200010638,4.275501471011578,0.029863993865508573,0.012512160012948994,23.09058096474035,0.01019617406808568,Colima,Colima,Colima,468,3
0600200010676,3.354257838725602,0.02309031833583386,0.010568521366548188,18.332689973542756,0.00850887402165159,Colima,Colima,Colima,2119,2
0600200010680,2.5908300646543228,0.017821647856885843,0.008148790872679067,14.142832780676732,0.00645628468732429,Colima,Colima,Colima,1467,1
0600200010708,2.784981894957229,0.01905945537965623,0.008681077573695784,15.200287023311024,0.006770517077231481,Colima,Colima,Colima,1086,1
0600200010712,3.6521058472395187,0.024988228985267622,0.011295790458053581,19.927103824574345,0.008668536101424129,Colima,Colima,Colima,2482,2
0600200010727,5.761634235016649,0.03955999863644717,0.017883935109017274,31.275878904551966,0.013078462636101393,Colima,Colima,Colima,4397,2
0600200010731,3.0364921228647397,0.02081901763159115,0.009288847256571626,16.434979995126458,0.006414647231172212,Colima,Colima,Colima,2350,1
0600200010746,3.7962350658082658,0.025901231072762983,0.011646654511148545,20.620600623133996,0.008848955006596264,Colima,Colima,Colima,942,1
0600200010750,4.720049651658702,0.0323485275154283,0.014218424890700068,25.502671206154446,0.010994509741620438,Colima,Colima,Colima,2272,2
0600200010765,3.8108826683371855,0.02603541342813613,0.011443563000434715,20.597186657823833,0.00934914165083288,Colima,Colima,Colima,1288,2
060020001077A,3.9611481165179763,0.027201980347301324,0.011970870095004436,21.470629390634343,0.009889991352100677,Colima,Colima,Colima,2103,3
0600200010784,2.514607443331749,0.017146730444968318,0.00750606797239925,13.786383190372703,0.007173293217125858,Colima,Colima,Colima,1444,2
0600200010799,3.803926892198798,0.026132488092611688,0.011411586005441274,20.769006290338694,0.010259537101625723,Colima,Colima,Colima,1341,1
0600200010801,4.845451000710674,0.0334058002518057,0.01451370238234194,26.367597281386427,0.011962461274903696,Colima,Colima,Colima,1727,2
0600200010816,2.14676931515256,0.014881578079171169,0.006421251118085652,11.698804922756663,0.0051948479620643265,Colima,Colima,Colima,1445,3
0600200010820,2.5261986163440664,0.01765323241943492,0.007993645304809786,13.966667531771096,0.006669550234541306,Colima,Colima,Colima,873,1
0600200010835,3.6293783605541416,0.02534831584948632,0.011536173659950928,20.073165934213364,0.009822223817278725,Colima,Colima,Colima,1466,1
060020001084A,2.987766613068446,0.020795831744544326,0.009037313686700764,16.400818487744907,0.008830407904937944,Colima,Colima,Colima,1540,2
0600200010854,2.50834971346039,0.017409565619626113,0.0075522662057435795,13.780485443011871,0.007539314462523502,Colima,Colima,Colima,1995,2
0600200010869,1.2668321408935217,0.00882880815750333,0.003883018507475168,6.983840993386569,0.0035915491956111647,Colima,Colima,Colima,1811,1
0600200010873,2.1874877662590397,0.015247178487229581,0.006669951201279144,12.042933328147074,0.0063236100957935965,Colima,Colima,Colima,1397,2
0600200010888,3.671427269197357,0.025487543896734025,0.01117321352579591,20.073556783828458,0.00981290663307051,Colima,Colima,Colima,2456,2
0600200010892,2.465723259907947,0.01717279592615144,0.007508091631908685,13.609879448109549,0.007236417598296778,Colima,Colima,Colima,2657,2
060020001091A,6.01286897229675,0.04195636586301545,0.01894900736982925,33.16852472463543,0.016003999561776266,Colima,Colima,Colima,732,1
0600200010924,4.231541477237156,0.029507331295815748,0.01350654545289758,23.38629442594239,0.012266804712526466,Colima,Colima,Colima,611,1
0600200010939,2.431239607433545,0.016877170014438603,0.007365098408216861,13.262556368090234,0.0064868425651659,Colima,Colima,Colima,1269,2
0600200010943,4.773834177184448,0.033004940030629475,0.014402639205888055,26.35583131930689,0.013954837257966006,Colima,Colima,Colima,1245,3
0600200010958,2.1870528717536657,0.015137559305396751,0.006567159601986441,12.038272584418445,0.006526631087801565,Colima,Colima,Colima,1692,2
0600200010962,3.530400437055294,0.024361688951791156,0.01060592769073971,19.553655364275414,0.010415322082585063,Colima,Colima,Colima,1097,2
0600200010977,1.7178434224086188,0.012316254388740918,0.005208048088842134,9.42519835818152,0.004748850132388143,Colima,Colima,Colima,1725,2
0600200010981,1.042809578030882,0.0072599152114938455,0.003327149785394716,5.758808431815351,0.0030308316930477606,Colima,Colima,Colima,236,2
0600200010996,0.8810397168496469,0.006050868508331754,0.002624847180886979,4.8885585798065385,0.002538110409431154,Colima,Colima,Colima,1302,2
0600200011000,0.8809444807687066,0.006046102929660755,0.0026255476135280662,4.888568965298506,0.0025427996678538596,Colima,Colima,Colima,1505,2
0600200011015,1.8248779603841716,0.012525721250389773,0.00543961358419918,10.126389120679747,0.005272477797313345,Colima,Colima,Colima,1753,3
060020001102A,1.7951864671326012,0.012355188645452356,0.005372773178576857,9.953658917357924,0.0053260361557625115,Colima,Colima,Colima,3325,2
0600200011053,3.5097209927446733,0.024323371299771725,0.011200114602043242,19.370783532040974,0.01020417954104349,Colima,Colima,Colima,311,1
0600200011068,6.117556791248666,0.0424126011832437,0.01969408763393225,33.8795904524552,0.018205467386943834,Colima,Colima,Colima,1974,1
0600200011072,3.050390792664607,0.021439537570264244,0.009825781411470155,16.93273596290329,0.009196197645368451,Colima,Colima,Colima,1892,1
0600200011087,1.1769368624217604,0.008451980289526163,0.003561611624701788,6.458044294824201,0.0032547095144055587,Colima,Colima,Colima,813,2
0600200011091,3.109380639189477,0.022162103476609952,0.009353490587936917,17.101971958058996,0.008836456530422572,Colima,Colima,Colima,1749,2
0600200011123,2.0053981433191077,0.013900610236845643,0.005996886749750618,10.834301166660891,0.004527770750098991,Colima,Colima,Colima,2248,3
0600200011142,3.6796882352498828,0.025645496430783055,0.010935572439612976,19.912435898666928,0.007659720911377223,Colima,Colima,Colima,2040,2
0600200011157,1.813701122621843,0.012867216277072222,0.005514674932003115,9.949421900559738,0.005089269137245318,Colima,Colima,Colima,1049,2
0600200011161,2.068705347297487,0.014593515393661443,0.006315305630088257,11.345885423247267,0.005822891201506386,Colima,Colima,Colima,331,3
0600200011176,5.969774150497349,0.04146793106410063,0.0178923875826885,32.16889293626248,0.012634924588959508,Colima,Colima,Colima,2717,1
0600200011195,1.0040496929653835,0.006892701714128466,0.002953340508088358,5.587285050964515,0.0028340746059320786,Colima,Colima,Colima,1523,2
0600200011208,1.0040496929653835,0.006892701714128466,0.002953340508088358,5.587285050964515,0.0028340746059320786,Colima,Colima,Colima,1643,3
0600200011212,0.5669764461328172,0.003930765071801846,0.001683024352218671,3.1433269632000647,0.0016471647504816165,Colima,Colima,Colima,621,1
0600200011227,4.078334992564009,0.027851680920485605,0.01306459293200443,22.521205895765544,0.011949422141169909,Colima,Colima,Colima,1410,1
0600200011231,0.8471669284395422,0.005815717071295895,0.002491881053699552,4.714271761751309,0.002391250448755191,Colima,Colima,Colima,1016,3
0600200011246,1.3611967831653575,0.009568558124136421,0.0040489893839798065,7.5024445970798626,0.003946450158731928,Colima,Colima,Colima,928,2
0600200011250,1.6075297656235803,0.011160277560682866,0.004760534027052424,8.903857236542724,0.004486160955344186,Colima,Colima,Colima,1576,2
0600200011265,3.384392642203623,0.023145191624092627,0.010418329436107328,18.357540278430058,0.0073882792069591054,Colima,Colima,Colima,1935,2
060020001127A,3.97336573590771,0.02722344909167847,0.012094210062037692,21.503008205193527,0.008673128562430198,Colima,Colima,Colima,1258,2
0600200011284,0.9862693629274116,0.00703208110332717,0.0029930105010870386,5.410968356707514,0.0027511085910392947,Colima,Colima,Colima,1040,2
0600200011299,1.5540497534859308,0.010982051892656884,0.004643244045913752,8.547578973774025,0.00457208039063792,Colima,Colima,Colima,1603,2
0600200011301,6.62704913382932,0.04476894372570015,0.02107047814632175,36.47173829588911,0.019210205449804924,Colima,Colima,Colima,601,1
0600200011316,8.030574958037212,0.05564367804816822,0.0239704711413174,43.541301856353066,0.01721392119599883,Colima,Colima,Colima,1110,2
0600200011320,9.680741096402976,0.0673030262064969,0.028546932109327426,52.288045531462146,0.02195299694027287,Colima,Colima,Colima,1520,2
0600200011335,1.3856732184137583,0.00961840480481687,0.004101576257573884,7.683498924303562,0.003986477802343259,Colima,Colima,Colima,1687,2
060020001134A,0.31376552905168187,0.0021539692856651464,0.0009229189087776119,1.7460265784264104,0.0008856483143537745,Colima,Colima,Colima,581,2
0600200011354,1.8138520726347873,0.012356428337598403,0.005410007722694755,9.947148969959645,0.005192229142409067,Colima,Colima,Colima,1904,2
0600200011369,1.395581977524562,0.009537991073057734,0.004167000985630152,7.680099893715794,0.004040901411455215,Colima,Colima,Colima,1323,2
0600200011373,1.890613202462548,0.013089193059971986,0.005619954044346257,10.477630225243017,0.005495036320352957,Colima,Colima,Colima,570,2
0600200011388,3.5897107653299845,0.024878318488402464,0.011112123065288254,19.71334252673792,0.011098624197686566,Colima,Colima,Colima,90,1
0600200011392,0.472543252204011,0.00329990968665589,0.0013911529084582614,2.619494346379602,0.001343686122093242,Colima,Colima,Colima,250,2
0600200011405,4.616719291044431,0.031735852303814927,0.014496555685354125,25.29768071751996,0.013428472366998647,Colima,Colima,Colima,395,1
060020001141A,3.7356037424134283,0.025759029006485485,0.011081592338633716,20.428318248260666,0.009930212616343956,Colima,Colima,Colima,841,1
0600200011424,5.551569768319795,0.0386385594946855,0.016374485336752176,30.56162177955032,0.014932050102764912,Colima,Colima,Colima,1568,2
0600200011439,2.322009107020934,0.016146129095914157,0.00690786048079472,12.575144144731459,0.004883749382385504,Colima,Colima,Colima,2580,3
0600200011458,1.8435258368330103,0.01276592919732496,0.0055167244339982624,9.960600321769533,0.004202288021664565,Colima,Colima,Colima,2076,2
0600200011462,2.9343737186026546,0.020230985165280487,0.008811752797847527,15.897699230137135,0.006781749618919041,Colima,Colima,Colima,1156,1
0600200011477,0.7957046494493129,0.005650868877008854,0.0024379867509443476,4.363369084566955,0.0021951477593480733,Colima,Colima,Colima,222,4
0600200011481,3.258847478165787,0.02174416618358345,0.010441353551834497,18.16732965519504,0.009545091686634926,Colima,Colima,Colima,601,1
0600200011496,0.34914843351490865,0.002402549010591596,0.0010832357684738311,1.918709011268396,0.0011208886298219845,Colima,Colima,Colima,56,2
0600200011513,5.240251739607758,0.036113181128926725,0.0158288274339915,28.31741501142336,0.0119033554743243,Colima,Colima,Colima,708,1
0600200011528,1.7798723755519403,0.012287685103913003,0.005344184631152721,9.612571090181271,0.004181423351423423,Colima,Colima,Colima,1616,1
0600200011532,2.5232389606630683,0.01783089575275711,0.007669358130681602,13.962038639993672,0.007087765460006403,Colima,Colima,Colima,738,1
0600200011551,0.15751441740133656,0.0010999698955519634,0.00046371763615275384,0.8731647821265336,0.00044789537403108065,Colima,Colima,Colima,197,2
0600200011566,1.2305621054099065,0.00861151824234193,0.003624303598465928,6.808817722733044,0.0033741560400246252,Colima,Colima,Colima,200,5
0600200011570,1.943782689637576,0.013263267907380196,0.0062752019842548514,10.828692912563024,0.00584696939535693,Colima,Colima,Colima,184,1
0600200011585,0.34772853152615923,0.0024760356369155447,0.0010461998780775096,1.9198894746648465,0.0009831659929753172,Colima,Colima,Colima,290,1
060020001159A,4.671881869483809,0.03252263038021098,0.013974601799749372,25.17861194485303,0.009600376213478501,Colima,Colima,Colima,1439,1
0600200011602,3.1402253727340725,0.021957020608819978,0.009336342164490181,16.955086925215618,0.006524183275731532,Colima,Colima,Colima,1340,2
0600200011617,2.5356736159132773,0.01760035895104281,0.007554175642772149,13.79681308605054,0.005843905317142973,Colima,Colima,Colima,1347,2
0600200011621,1.569322031141794,0.010877464038213656,0.004644449810603388,8.559304254603965,0.003840389602566567,Colima,Colima,Colima,1770,1
0600200011636,1.120765254092981,0.00778273000678869,0.003300180543864504,6.115653147555052,0.0026063821021381386,Colima,Colima,Colima,969,2
0600200011640,1.341106815728047,0.009053839426272381,0.0043351447324202295,7.510317821721272,0.004059214749762582,Colima,Colima,Colima,324,1
0600200011655,2.817272496135695,0.018502767462629525,0.008977442024037717,15.716636284104167,0.008280469051982051,Colima,Colima,Colima,670,1
0600200011674,1.7094012174815287,0.012035148632612727,0.00508469973988524,9.420865249532186,0.005100523011219684,Colima,Colima,Colima,1874,2
0600200011689,1.288995956495587,0.00902990831526579,0.003787077185592976,7.1609993491822035,0.003709717549113269,Colima,Colima,Colima,374,2
0600200011706,3.2614194519441915,0.022803113962839273,0.010026671258860987,17.97415048648829,0.009386760668736038,Colima,Colima,Colima,163,1
0600200011710,0.9972424131862392,0.006951197145021868,0.002949833670527315,5.416819725955452,0.0020894774114795906,Colima,Colima,Colima,663,1
0600500010108,3.985339025838956,0.02606339439032484,0.012074314808126138,23.013553244122104,0.008212573596973036,Colima,Cuauhtémoc,Cuauhtémoc,1905,2
0600500010112,4.67155863150949,0.030341294744849413,0.014028427472761333,26.85155900553059,0.010863997260736422,Colima,Cuauhtémoc,Cuauhtémoc,2186,2
0600500010150,3.5885346954843005,0.02321055043680504,0.010716440698522085,20.581760643727645,0.009426330244142161,Colima,Cuauhtémoc,Cuauhtémoc,292,2
0600500010184,2.0770457425476834,0.013343579536730984,0.0063035875086491985,12.021556676974075,0.00457366872901663,Colima,Cuauhtémoc,Cuauhtémoc,691,2
0600500010220,1.9753207523966587,0.012849274472785324,0.005919634665744707,11.334638204710036,0.004789795472009425,Colima,Cuauhtémoc,Cuauhtémoc,1250,3
0600500010235,5.50521682533739,0.03599567221366093,0.01651123106840815,31.56297283149614,0.01288189281977462,Colima,Cuauhtémoc,Cuauhtémoc,1746,3
0600500010288,2.860736866224392,0.0184907964174694,0.008691924457263779,16.555639437541032,0.006127677701455101,Colima,Cuauhtémoc,Cuauhtémoc,592,2
0600500010292,1.8422252758097706,0.01205331609367357,0.005583923790372351,10.636579431766565,0.0037635101647881053,Colima,Cuauhtémoc,Cuauhtémoc,726,2
0600500010339,0.7171312326359015,0.004533631518871182,0.002186444026686046,4.1803741670184795,0.0017167169818261745,Colima,Cuauhtémoc,Cuauhtémoc,234,1
0600500180038,4.921117021656286,0.027507067058633126,0.014593804139044098,28.549352220076756,0.012516654654720915,Colima,Cuauhtémoc,Quesería,3341,3
0600500180080,3.81174710230675,0.021710967730316336,0.01134020053948824,22.107719959939498,0.009837590209901033,Colima,Cuauhtémoc,Quesería,2639,2
0600500180095,2.7996964909290334,0.01612996696527457,0.008316801305808249,16.189694986508584,0.007284454651096599,Colima,Cuauhtémoc,Quesería,1662,4
0600500180131,2.494976491521956,0.013540904208345014,0.007345994977304878,14.449457976430507,0.006214940529233332,Colima,Cuauhtémoc,Quesería,1461,3
060050018017A,3.119521861892973,0.0171905742256786,0.009238694097694478,18.102948570501017,0.008049294125030566,Colima,Cuauhtémoc,Quesería,764,2
060070001009A,7.228367332593045,0.04429768192304408,0.01984626752612675,36.37185610310719,0.017960431296851168,Colima,Manzanillo,Manzanillo,2036,3
0600700010140,0.7454108227331486,0.005854455429125899,0.0027820798746317718,4.788523387085144,0.00253994541189752,Colima,Manzanillo,Manzanillo,812,2
060070001016A,0.3799543188835132,0.003034896940756756,0.0014304547272989696,2.4778023501744775,0.001280808927206104,Colima,Manzanillo,Manzanillo,740,2
0600700010174,2.059673071599129,0.01644730893856431,0.00776021405446896,13.545943718415742,0.0069519147205709085,Colima,Manzanillo,Manzanillo,1647,4
0600700010189,1.7289730758810131,0.01278090910179681,0.006159627757327174,10.583112716968452,0.00586787263757814,Colima,Manzanillo,Manzanillo,2657,3
0600700010193,1.4083576109876423,0.011277448959895056,0.005316181794171126,9.250677300294813,0.004779911000961449,Colima,Manzanillo,Manzanillo,1064,2
0600700010314,2.109674311861301,0.013407240229548397,0.006358717547011559,11.049037251939447,0.006554191591317754,Colima,Manzanillo,Manzanillo,365,2
0600700010329,2.834350923032262,0.01812337418944278,0.008798118594186978,15.010177287388393,0.009134661129494008,Colima,Manzanillo,Manzanillo,402,2
0600700010333,3.351630318369586,0.022195659285440494,0.010819139651607508,18.138694268917885,0.011707490657889156,Colima,Manzanillo,Manzanillo,267,1
0600700010348,3.084178108066568,0.02046497568069246,0.010232750341886908,16.843000316226124,0.011004271772983796,Colima,Manzanillo,Manzanillo,933,2
0600700010352,2.301520591085699,0.01536460854415881,0.007730508431356529,12.713001266835574,0.008477844782214649,Colima,Manzanillo,Manzanillo,1664,2
0600700010390,3.633548430229865,0.021993746957691303,0.01196076695689405,19.722684315683228,0.013073576042737265,Colima,Manzanillo,Manzanillo,1726,3
0600700010403,3.7050497020330897,0.02186644713374509,0.012017376664750307,19.922472959621548,0.013712006057780743,Colima,Manzanillo,Manzanillo,1637,3
0600700010418,2.5263987565303343,0.016924274241046023,0.008593672691984728,14.369874396847917,0.008440497956105786,Colima,Manzanillo,Manzanillo,162,1
0600700010422,3.2295885090421366,0.01957271232801982,0.010563736080756888,17.567858713421344,0.011275200503654752,Colima,Manzanillo,Manzanillo,1892,2
0600700010437,2.854142155334587,0.020488489124111407,0.009995794968305844,17.022419795368712,0.009832857298959474,Colima,Manzanillo,Manzanillo,2268,3
0600700010456,5.855504208528072,0.03745611895884528,0.01934555757913745,32.63954494467658,0.01999714870682294,Colima,Manzanillo,Manzanillo,2261,3
0600700010460,10.4010892036138,0.0624065000258485,0.0333522430249738,56.15980132645115,0.037289260590795924,Colima,Manzanillo,Manzanillo,2134,3
0600700010475,5.74367936097172,0.035293434950896825,0.01828105102706805,31.200983503593836,0.020116110726756994,Colima,Manzanillo,Manzanillo,710,3
060070001048A,5.864767011509631,0.04955070973760828,0.0234015618999996,42.78181086777747,0.02118929659789539,Colima,Manzanillo,Manzanillo,195,1
0600700010507,2.1384890722416983,0.019268242541758775,0.009079968206229992,17.0325202760113,0.008907828100509567,Colima,Manzanillo,Manzanillo,421,1
0600700010511,8.882370099081289,0.0553720158907727,0.023813244161714126,46.73484290401992,0.022930257901567462,Colima,Manzanillo,Manzanillo,810,3
0600700010530,10.130600059666074,0.06852407938276273,0.0301437933824507,54.78496025676358,0.033785535925018824,Colima,Manzanillo,Manzanillo,87,1
0600700010545,8.863561013015941,0.057746788256561,0.0254518329317544,46.241114978273714,0.026103034834454926,Colima,Manzanillo,Manzanillo,419,1
0600700010564,1.8371445716273735,0.011685365239700242,0.006113388373104014,9.772243648900993,0.0064907284010960265,Colima,Manzanillo,Manzanillo,1409,2
0600700010583,2.437351784119458,0.015581015084349755,0.00806392828857356,12.916042661237167,0.008321902884138423,Colima,Manzanillo,Manzanillo,2959,2
0600700010615,3.8438819366983776,0.02359972468277315,0.010823376676599352,19.50504011127492,0.009835436674328327,Colima,Manzanillo,Manzanillo,2116,3
0600700010634,4.34749182352769,0.026485893187555374,0.01176152967067675,21.822299347493587,0.010611138213014622,Colima,Manzanillo,Manzanillo,918,3
0600700010649,2.410479745984653,0.014349806251717485,0.007998605079123011,12.955068912989663,0.009183359487192993,Colima,Manzanillo,Manzanillo,1797,3
0600700010653,3.9441764414475244,0.03199302171268985,0.01510174481753993,26.25811913233553,0.014280323202597218,Colima,Manzanillo,Manzanillo,1435,3
0600700010668,5.598099675373042,0.0475008805756365,0.022221641602560575,39.32446210392491,0.021525524624210587,Colima,Manzanillo,Manzanillo,530,4
0600700010672,9.39042598973736,0.06064255276963845,0.03153048919261507,50.96926234086601,0.03333737624809535,Colima,Manzanillo,Manzanillo,157,2
0600700010742,7.065278907647019,0.042592469026712876,0.0186135803274222,36.297003115865174,0.01706900144205472,Colima,Manzanillo,Manzanillo,1065,3
0600700010761,6.535055724563636,0.040925817567217346,0.021902971223019076,34.96465606932274,0.024401043318230748,Colima,Manzanillo,Manzanillo,235,1
0600700010831,12.399625248804863,0.0739253029486393,0.033426493474170024,62.02080591167992,0.027434595480890733,Colima,Manzanillo,Manzanillo,149,4
060070001087A,1.544665359467537,0.009205141857251612,0.005128524462216903,8.30429405024612,0.005885957162879983,Colima,Manzanillo,Manzanillo,965,2
0600700010884,1.5929012120455468,0.009622802905382496,0.005289749756175411,8.61849349018809,0.005983065587899278,Colima,Manzanillo,Manzanillo,1034,3
0600700010899,2.911281446146366,0.017779330289098998,0.008399634185427737,14.867996998232387,0.007386893386728633,Colima,Manzanillo,Manzanillo,2293,3
0600700010901,4.419758386537036,0.026932254702724975,0.012892078972856932,22.622839579908383,0.011245627121238406,Colima,Manzanillo,Manzanillo,2976,2
0600700010969,1.465082954453509,0.009042747524282352,0.004639060626120971,7.611534978874296,0.004788436338577728,Colima,Manzanillo,Manzanillo,2439,1
0600700010973,0.1642320620128476,0.0009549894613167754,0.0004710723092959668,0.8261983980977939,0.00035707091359647714,Colima,Manzanillo,Manzanillo,121,4
0600700010988,1.1039035940095554,0.00868237876799746,0.004123075977915726,7.100462310372212,0.0037581223698966507,Colima,Manzanillo,Manzanillo,751,3
0600700010992,0.7418904163843822,0.005615926811374396,0.0026907614328488816,4.627509797597956,0.0025210399207463235,Colima,Manzanillo,Manzanillo,1444,3
0600700011007,1.540899106458359,0.010149041971083602,0.005226397514746695,8.587153818582905,0.005794309464088641,Colima,Manzanillo,Manzanillo,383,2
0600700011011,1.0238335665884146,0.006621350519617285,0.0034575116441677156,5.622885180845625,0.003700994467380718,Colima,Manzanillo,Manzanillo,659,2
0600700011026,1.0681995031206608,0.0069224398468126,0.003621712248645192,5.947680340014603,0.003633507981887703,Colima,Manzanillo,Manzanillo,276,2
0600700011030,3.6976335863305954,0.023779852541051583,0.012507220853043538,20.48918643974175,0.012555098460956695,Colima,Manzanillo,Manzanillo,901,1
0600700011045,1.1851998814935085,0.007603678731918389,0.003930030440768093,6.292150725337212,0.004061802958177094,Colima,Manzanillo,Manzanillo,2010,2
060070001105A,0.4028702938545988,0.002591310915500106,0.0013417577136381577,2.1525347389229097,0.0014018460136403336,Colima,Manzanillo,Manzanillo,1541,1
0600700011064,1.9370425472831516,0.012013554575972661,0.00615687633245168,10.09270389493174,0.006361424749127628,Colima,Manzanillo,Manzanillo,1473,1
0600700011079,1.1774872783395474,0.007276851117557132,0.0037768057107116487,6.126431409083621,0.0038697222658961488,Colima,Manzanillo,Manzanillo,2266,2
0600700011083,0.06467964191616628,0.0003982793059284208,0.00020040290596296757,0.3311369508578207,0.00020364272475244708,Colima,Manzanillo,Manzanillo,151,1
0600700011098,0.4076705568378974,0.00257307407420244,0.0013522550692556248,2.153654978905579,0.0014389353618721496,Colima,Manzanillo,Manzanillo,360,2
0600700011115,0.595562957937227,0.00346533423212707,0.0016661928671096481,2.9715757699453076,0.0013186645506965897,Colima,Manzanillo,Manzanillo,766,2
060070001112A,0.1642320620128476,0.0009549894613167754,0.0004710723092959668,0.8261983980977939,0.00035707091359647714,Colima,Manzanillo,Manzanillo,112,2
0600700011149,0.5405474122862831,0.0033450363811430377,0.0017573013086225068,2.8168400528103787,0.00178678487266933,Colima,Manzanillo,Manzanillo,491,2
0600700011172,0.06617366199302475,0.0003850371369030078,0.0001851325407899609,0.33017508554947805,0.0001465182834107322,Colima,Manzanillo,Manzanillo,179,4
0600700011187,0.19707847441541737,0.0011459873535801305,0.0005652867711551601,0.9914380777173529,0.00042848509631577257,Colima,Manzanillo,Manzanillo,143,3
0600700011191,1.26523833850359,0.007778396834599046,0.004199041916961893,6.631933346466173,0.004670551596994668,Colima,Manzanillo,Manzanillo,446,2
0600700011204,0.18713682339371132,0.0012005808524081668,0.0006205311222265411,0.9934974829479805,0.0006413373091858594,Colima,Manzanillo,Manzanillo,210,2
0600700011219,2.5678032945109885,0.02088829427382085,0.009939939198928112,18.180202944282147,0.008899533538424178,Colima,Manzanillo,Manzanillo,802,2
0600700011223,3.6314500455635903,0.02860253129205605,0.01360322976135804,24.800072496863642,0.01228139783846336,Colima,Manzanillo,Manzanillo,1318,3
0600700011242,4.882541929778515,0.0289894958785712,0.013435928317567597,24.408481045864633,0.011571362209622805,Colima,Manzanillo,Manzanillo,2897,3
0600700011257,3.0351189774133553,0.017433791627782344,0.008497726186621918,15.17709392194131,0.006742767284954171,Colima,Manzanillo,Manzanillo,1544,2
0600700011261,2.1449282559093814,0.012358189241394464,0.006030140561998206,10.726843594569035,0.0047097971700916,Colima,Manzanillo,Manzanillo,2391,1
0600700011295,3.843114799727274,0.022344640463995126,0.011022766782403326,19.33291295241257,0.008353386900192675,Colima,Manzanillo,Manzanillo,1825,1
0600700011308,1.9336841570700822,0.011771434709274374,0.0056651584595410805,9.90753371119239,0.00498104923051966,Colima,Manzanillo,Manzanillo,1507,1
0600700011327,1.919212454593248,0.011710724071803392,0.005882180032059718,9.912406133170409,0.0059487080470265385,Colima,Manzanillo,Manzanillo,2138,1
0600700011331,2.1569071719916555,0.013067450410053876,0.006575802544979503,11.073372607787238,0.006580425718531765,Colima,Manzanillo,Manzanillo,3145,1
0600700011346,0.1952406517633461,0.0011654569094814969,0.0005862177153672696,0.9919103910621959,0.0005735715682015652,Colima,Manzanillo,Manzanillo,244,1
0600700011350,1.1131553453754723,0.006885912718083635,0.0036053656766231994,5.798234969415138,0.0036736319860137846,Colima,Manzanillo,Manzanillo,1429,1
0600700011365,0.34308417622180465,0.002201064896081639,0.0011376403907486586,1.821412052071298,0.001175785066840742,Colima,Manzanillo,Manzanillo,521,1
060070001137A,0.3826857448491396,0.0023615358000752392,0.0012095420374886724,1.985718144290155,0.001246882225949162,Colima,Manzanillo,Manzanillo,559,1
0600700011384,0.12886909231889135,0.0007940004268118157,0.00040145350299055943,0.66217357800139,0.000409560529271665,Colima,Manzanillo,Manzanillo,82,1
0600700011401,2.701692378469959,0.016009697980879305,0.007582345398926053,13.557185697109604,0.006401540882219475,Colima,Manzanillo,Manzanillo,2113,2
060070001144A,0.5159388414703256,0.003082127367306768,0.001531027036763687,2.641890131613544,0.0013498908439576146,Colima,Manzanillo,Manzanillo,182,2
0600700011469,4.59740838506481,0.02733076923588515,0.013647004810745331,23.456004973349835,0.011904457491086913,Colima,Manzanillo,Manzanillo,2103,1
0600700011473,4.530384377626057,0.027192205008236076,0.012387690039093837,22.613734380902052,0.010781256814571611,Colima,Manzanillo,Manzanillo,3262,3
0600700011488,3.666237874054528,0.02200967414021929,0.010100016422417816,18.3226833539842,0.008923298107593545,Colima,Manzanillo,Manzanillo,2898,3
0600700011492,1.8528625358047075,0.010781039833284062,0.005183711142118905,9.244902395385402,0.004102511935500448,Colima,Manzanillo,Manzanillo,1788,1
0600700011505,4.812956498910416,0.028623481824449,0.013447531168036785,24.13372610623122,0.011438979553130849,Colima,Manzanillo,Manzanillo,2811,2
060070001151A,2.1792106167176555,0.012600850914652581,0.006147738999989208,10.896432462433792,0.004721497680980965,Colima,Manzanillo,Manzanillo,2393,1
0600700011524,1.6498971346654518,0.009673708547363106,0.004636061044054176,8.260509576106237,0.0037542527921997186,Colima,Manzanillo,Manzanillo,2181,1
0600700011539,6.734008899940987,0.041617187672858,0.020332197087510426,34.97784809502563,0.019772538671102985,Colima,Manzanillo,Manzanillo,3133,1
0600700011543,6.44740659384493,0.040479271537196326,0.01911511817958065,33.496098580027365,0.01881465690680819,Colima,Manzanillo,Manzanillo,1609,2
0600700011558,1.4476355454599288,0.008287232773875637,0.004122572936880224,7.262072486350611,0.0030993176813777887,Colima,Manzanillo,Manzanillo,1425,1
0600700011562,0.8562049867590991,0.004911008997607895,0.002441119375163731,4.292863030137218,0.0018028843236188004,Colima,Manzanillo,Manzanillo,1364,1
0600700011577,0.4931189291716766,0.0028544037298658385,0.0014115906522772664,2.4779473789142843,0.0010608503509658006,Colima,Manzanillo,Manzanillo,560,1
0600700011581,0.32540108627224407,0.0019424281824691615,0.000977029525612116,1.6531839851036603,0.0009559526136692753,Colima,Manzanillo,Manzanillo,243,1
0600700011596,2.0747557330458664,0.01262251692177678,0.0063504304803081585,10.590130504486668,0.006360914666845825,Colima,Manzanillo,Manzanillo,1650,1
0600700011609,5.220070226662327,0.03050315888432645,0.015219223802698025,26.4359002923371,0.011607110538096687,Colima,Manzanillo,Manzanillo,2629,2
0600700011613,2.442616694186456,0.014258635636510279,0.0071681889256922544,12.391675073299321,0.00523141503473179,Colima,Manzanillo,Manzanillo,2366,2
0600700011628,2.9351042852413656,0.017145121721831164,0.008679651070324102,14.88616315618681,0.006789336137404576,Colima,Manzanillo,Manzanillo,2609,1
0600700011632,2.8878153248559904,0.01665040619237844,0.008465619337141758,14.561267323535747,0.0069637674790703295,Colima,Manzanillo,Manzanillo,2068,1
0600700011647,0.6586192205839222,0.0037776992289291506,0.0018777841347413318,3.3022023308747825,0.0013868340950913848,Colima,Manzanillo,Manzanillo,867,1
0600700011651,3.0769104605580853,0.017942458331425902,0.008505390594523684,15.492941675608156,0.006921190437720156,Colima,Manzanillo,Manzanillo,2136,3
0600700011666,4.372241048311393,0.02513919171700402,0.012187360819573488,21.92660175177701,0.009861714763158008,Colima,Manzanillo,Manzanillo,2918,2
0600700011670,2.530995315909178,0.014396519255948249,0.007154323488821507,12.698306315447061,0.005573120649648104,Colima,Manzanillo,Manzanillo,965,1
0600700011685,0.6585802565272447,0.003776359184979251,0.0018790064791962267,3.302408677624136,0.001392432147388054,Colima,Manzanillo,Manzanillo,982,1
060070001169A,0.9682338626887355,0.005963956848746208,0.0030086343537030105,4.966652968010311,0.0030637411903537896,Colima,Manzanillo,Manzanillo,91,1
0600700011702,2.297925979082977,0.01530505023008608,0.007766571968030876,13.062097272879567,0.007785676378394754,Colima,Manzanillo,Manzanillo,1790,3
0600700011717,3.395744022977126,0.0228955863654837,0.01147311826699864,19.53864404570544,0.011861793339574541,Colima,Manzanillo,Manzanillo,2619,3
0600700011721,0.9704336726663543,0.005552457574544334,0.0027657906167404054,4.944631195208521,0.0023682410562359743,Colima,Manzanillo,Manzanillo,1138,1
0600700011740,7.020719558140546,0.04013253947786207,0.020209085128957926,35.27135566995244,0.017477069884070454,Colima,Manzanillo,Manzanillo,333,1
0600700011755,1.1176188937533635,0.006594240491515778,0.003197488965255591,5.780762426032361,0.0031791680272749453,Colima,Manzanillo,Manzanillo,1733,2
060070001176A,1.2868426117244103,0.007459800950648796,0.0036735055416727406,6.598682808970822,0.0033598188039810975,Colima,Manzanillo,Manzanillo,2114,2
0600700011774,0.5168682478073942,0.002971575911120476,0.0014600557929339568,2.6371373686884256,0.0011948462812640982,Colima,Manzanillo,Manzanillo,785,3
0600700011789,0.911384250518879,0.005331692423941399,0.0025754545731505223,4.781911604495063,0.0026685078641714858,Colima,Manzanillo,Manzanillo,2463,2
0600700011793,7.857841824667129,0.04507893950986697,0.02261724933487,39.491234343776064,0.01729876850454034,Colima,Manzanillo,Manzanillo,2569,1
0600700011806,0.6460853097592428,0.003714469888900595,0.001825069741167446,3.2964217108605323,0.0014935578515801228,Colima,Manzanillo,Manzanillo,795,2
0600700011810,0.5175646254220553,0.002961310706423645,0.001475088328928216,2.6371366374445437,0.0012630618966591864,Colima,Manzanillo,Manzanillo,649,1
0600700011825,0.32343436728786806,0.00185146076680833,0.0009209906720804939,1.6482104441055823,0.0007851502094497984,Colima,Manzanillo,Manzanillo,408,1
060070001183A,3.3825095122383,0.020905834526297705,0.01117967554183154,17.736070783890117,0.012098621954211766,Colima,Manzanillo,Manzanillo,1269,1
0600700011844,2.988703431808506,0.017809035606237537,0.00893696359132949,15.205242435599214,0.008396164815288624,Colima,Manzanillo,Manzanillo,382,2
0600700011859,1.0351292508441112,0.00592262141284729,0.002950176657856432,5.274273274889088,0.0025261237933183727,Colima,Manzanillo,Manzanillo,353,1
0600700011863,0.5428434626802048,0.003202916810164806,0.0015530660688384296,2.8077988926442887,0.0015441673275335534,Colima,Manzanillo,Manzanillo,370,1
0600700011897,2.8087031210529805,0.016642031016500865,0.007958145493877586,14.837066485768704,0.009014321202582238,Colima,Manzanillo,Manzanillo,5705,2
060070001190A,1.181686085646963,0.006967862057518483,0.0033713628468946912,6.109984664432046,0.003292721633675197,Colima,Manzanillo,Manzanillo,1834,2
0600800010078,1.9880054300412127,0.01222700833179672,0.006316871377529086,12.912958135281237,0.002755264582177818,Colima,Minatitlán,Minatitlán,1412,2
0600800010097,2.902388518177962,0.01772783993767836,0.009211479377230597,18.84598454895622,0.0034255616970343314,Colima,Minatitlán,Minatitlán,857,5
0600800010114,2.3993381029744594,0.01510035582445101,0.007649114896252783,15.717140708953915,0.00436271115295023,Colima,Minatitlán,Minatitlán,810,3
0600800010129,1.4723317415345767,0.009192215714567631,0.004687852105582875,9.598697690805947,0.0028498398480393374,Colima,Minatitlán,Minatitlán,1353,2
0600800010133,1.7309181627013897,0.010910933895945331,0.005527726512261928,11.349361513303863,0.0031758804381185318,Colima,Minatitlán,Minatitlán,1586,2
0600900010200,2.4758963970293584,0.015361279916095491,0.006637593996351623,12.976415186619061,0.006716207958575037,Colima,Tecomán,Tecomán,2334,3
060090001022A,5.252079444795361,0.03134489991145945,0.013438743548365486,27.40991257822434,0.013879169840763008,Colima,Tecomán,Tecomán,1797,3
0600900010234,1.035032959655058,0.006334578110848,0.002670515815207365,5.442222291959402,0.002404819864384927,Colima,Tecomán,Tecomán,1598,4
0600900010272,3.056341744253197,0.018410320884520198,0.007893439248795984,15.96598681435351,0.008102705620945493,Colima,Tecomán,Tecomán,2593,2
0600900010323,5.214033731494173,0.032845752395481126,0.0140082876608318,27.343182733540633,0.012423062803876426,Colima,Tecomán,Tecomán,616,4
0600900010357,15.273477506014705,0.09219265495041434,0.0401312966481179,79.775395050205,0.03863764007523794,Colima,Tecomán,Tecomán,4366,2
0600900010361,7.217259871291709,0.04379873144891015,0.018605604753071926,38.11821747950365,0.01967059533523243,Colima,Tecomán,Tecomán,3043,5
0600900010446,4.188895248795735,0.025757448433521776,0.011118583983818464,21.916840758469455,0.01061461272318915,Colima,Tecomán,Tecomán,1673,3
0600900010450,4.087490601941642,0.025105967880278524,0.01081828498915389,21.390153147307718,0.009964838419745353,Colima,Tecomán,Tecomán,1538,3
0600900010465,2.6116960618182765,0.01603701111352494,0.006908236015712173,13.675237140847841,0.006473534089758666,Colima,Tecomán,Tecomán,2388,4
060090001047A,2.716557594300124,0.016595502081378673,0.007145451274672792,14.202685555515448,0.00688420046759668,Colima,Tecomán,Tecomán,1802,2
0600900010484,3.420871344890847,0.02077064932920894,0.008943592896052142,17.88474869562003,0.007885208894671274,Colima,Tecomán,Tecomán,2465,4
0600900010499,4.039529725282649,0.02432026991556685,0.010513328401592316,21.039211170491647,0.00973566704265174,Colima,Tecomán,Tecomán,1451,3
0600900010501,4.084153553267412,0.02455638583995066,0.010568879216694877,21.426432433682578,0.01017040878480866,Colima,Tecomán,Tecomán,3072,4
0600900010516,4.1918655534406755,0.0249687114746174,0.010839673700916421,21.94584091593916,0.010751386905455558,Colima,Tecomán,Tecomán,1910,4
0600900010520,2.8255908466776045,0.016956667728680132,0.0072973644811648,14.744019123343831,0.0075697149528388425,Colima,Tecomán,Tecomán,1191,3
0600900010535,4.152052769510808,0.02485662004138671,0.010700308912119353,21.78672106934883,0.011438542907672903,Colima,Tecomán,Tecomán,2163,3
060090001054A,2.40678527982208,0.014383983845302015,0.0062071802866480634,12.65031749841688,0.006527073477572595,Colima,Tecomán,Tecomán,2671,4
0600900010554,2.6292461137296472,0.015936913397764613,0.0067745807223710455,13.882107150361916,0.007365598701108917,Colima,Tecomán,Tecomán,2657,4
0600900010569,4.117070147308868,0.02489957017593074,0.010691065132253319,21.58755725599785,0.009767514272539265,Colima,Tecomán,Tecomán,1833,4
0600900010573,2.239586545050508,0.013497465555705267,0.005770007358559287,11.774897008488384,0.005684243933252219,Colima,Tecomán,Tecomán,2240,4
0600900010592,1.7101479361120597,0.010439467715963175,0.004495374852721888,8.942468135807534,0.0039850250800587865,Colima,Tecomán,Tecomán,2181,4
0600900010639,2.988466016769795,0.018397036301836332,0.007666040558304075,15.794377870461732,0.008850465077055612,Colima,Tecomán,Tecomán,2807,4
0600900010696,4.040287976138738,0.024165034627137778,0.010421440601043943,21.259967135601023,0.010913788461959185,Colima,Tecomán,Tecomán,1741,3
0600900010709,0.6028697538265848,0.0036650570040881653,0.0015733369491725737,3.155723497054655,0.001338210710176562,Colima,Tecomán,Tecomán,662,3
0600900010732,0.9375601721521188,0.005719794130599367,0.002446876789560891,4.907244857437071,0.0020182277579285745,Colima,Tecomán,Tecomán,1125,4
0600900010747,0.16768642064398598,0.001033190796612995,0.00044321691247237144,0.8768428465697745,0.00039331815452940254,Colima,Tecomán,Tecomán,192,5
0600900010766,2.111919526501728,0.01305579407583846,0.005582275092473322,11.049384584682649,0.004889651058363526,Colima,Tecomán,Tecomán,1975,4
0600900010770,0.36793649591795713,0.0023123997928977246,0.0009727116787283469,1.9302744431142955,0.0007959918851289274,Colima,Tecomán,Tecomán,402,4
0600900010785,0.20069263413706723,0.0012613089779442133,0.0005305700065790983,1.0528769689714337,0.0004341773918885059,Colima,Tecomán,Tecomán,307,5
060090001079A,0.3345814001240787,0.0020727493285851734,0.0008766539132498353,1.7521664151636638,0.0006802093363132331,Colima,Tecomán,Tecomán,491,4
0600900010802,0.13384861888888247,0.0008240541940646095,0.00034935366283444917,0.7004159603873978,0.0002646403659251315,Colima,Tecomán,Tecomán,201,4
0600900010817,0.2341414064932452,0.0014715271409349157,0.000618998341008948,1.228356463800006,0.0005065402905365902,Colima,Tecomán,Tecomán,302,4
0600900010836,0.8027705365482708,0.005045235911776853,0.0021222800263163933,4.2115078758857365,0.0017367095675540237,Colima,Tecomán,Tecomán,923,3
0600900010855,0.8656879160473445,0.005264136145342857,0.0022301155511339596,4.566682835491155,0.002517019528324628,Colima,Tecomán,Tecomán,908,3
060090001086A,6.7134181352627875,0.0429741696453415,0.018362041521327876,35.576876784084725,0.019046865272064686,Colima,Tecomán,Tecomán,217,2
0600900010889,1.1038094877538727,0.006937199378693155,0.002918135036185041,5.790823329342888,0.0023879756553867827,Colima,Tecomán,Tecomán,1225,3
0600900010893,0.16724386178088926,0.0010510908149535111,0.0004421416721492486,0.8773974741428612,0.00036181449324042156,Colima,Tecomán,Tecomán,193,4
0600900010906,1.5759697630888958,0.009703399622835602,0.004174940195439837,8.241725573115302,0.003804986964940067,Colima,Tecomán,Tecomán,1166,4
0600900010910,1.5762966099397833,0.009710203486328003,0.004166346501272604,8.242267294998577,0.003700341018705243,Colima,Tecomán,Tecomán,1135,4
0600900010925,2.875297451479425,0.01788521443877409,0.007717021479863702,15.081174117028015,0.007702381971109347,Colima,Tecomán,Tecomán,2832,4
060090001093A,3.2265425013344116,0.02052044460842355,0.008744267604853544,17.00250185297348,0.008383806943531165,Colima,Tecomán,Tecomán,914,5
0600900010944,0.2341414064932452,0.0014715271409349157,0.000618998341008948,1.228356463800006,0.0005065402905365902,Colima,Tecomán,Tecomán,413,3
0600900010959,0.033316107267408974,0.00020363507829256034,8.57996361391192e-05,0.17550944062230298,0.00010254450967572477,Colima,Tecomán,Tecomán,58,2
0600900010963,1.205559237116685,0.007570921655195786,0.0031823188431146687,6.316565465003142,0.0026328651257078632,Colima,Tecomán,Tecomán,1520,4
0600900010978,0.43545567356049125,0.002643086799482887,0.0011364113456762213,2.279481357449526,0.0009797860533613718,Colima,Tecomán,Tecomán,178,2
0600900010982,3.94364216306252,0.023700591743226876,0.010222619820962708,20.518648878009316,0.00994805337274152,Colima,Tecomán,Tecomán,1989,2
0600900010997,2.7673195928459924,0.016641867769593238,0.007146076495332781,14.387061725148765,0.007541887286356476,Colima,Tecomán,Tecomán,2044,3
0600900011001,1.8843621835358346,0.01136489606988849,0.00488585989275069,9.823460425364095,0.004994268511907273,Colima,Tecomán,Tecomán,2138,2
0600900011016,2.0904255576955566,0.012576022973477482,0.005397363139717074,10.87812792585007,0.005672783955924248,Colima,Tecomán,Tecomán,2082,3
0600900011020,2.7875622444988872,0.01692428047742607,0.0071835191414076315,14.752203160002695,0.00790486149484862,Colima,Tecomán,Tecomán,1592,2
0600900011035,1.2626477444959112,0.007660453652339914,0.003253627535961663,6.675308136523339,0.003561488179875093,Colima,Tecomán,Tecomán,1552,2
060090001104A,0.8700160227777392,0.005356352261419962,0.0022707988084239195,4.552703742518089,0.001720162378513355,Colima,Tecomán,Tecomán,712,4
0600900011054,0.8039818698858291,0.005049802083304946,0.002151607666484933,4.205881732366716,0.001783026802208003,Colima,Tecomán,Tecomán,384,4
0600900011069,0.0,0.0,0.0,0.0,0.0,Colima,Tecomán,Tecomán,73,3
0600900011092,3.2168473288629587,0.019851597713744354,0.008603814404328117,16.833162799899466,0.008952315622417795,Colima,Tecomán,Tecomán,2449,3
0600900011105,5.206960919484819,0.031618680095833025,0.013783516445979414,27.177814857996832,0.013570274775705634,Colima,Tecomán,Tecomán,2674,2
060090001111A,0.3345814001240787,0.0020727493285851734,0.0008766539132498353,1.7521664151636638,0.0006802093363132331,Colima,Tecomán,Tecomán,875,3
0600900011139,1.0049773373572863,0.0063122526041311825,0.0026895095831061663,5.2573521654583955,0.0022287835027600036,Colima,Tecomán,Tecomán,143,5
0601000010095,4.7937497713744195,0.033171399738631986,0.01515641855867315,26.22085347356675,0.013478810989596418,Colima,Villa de Álvarez,Ciudad de Villa de Álvarez,1535,2
0601000010108,5.060016089191708,0.03530764201427091,0.016005434512172474,27.612840317762416,0.013540318503784001,Colima,Villa de Álvarez,Ciudad de Villa de Álvarez,3075,2
0601000010112,1.6613258265047883,0.01161501280167566,0.005272972090443933,9.087230843630246,0.004536526014993034,Colima,Villa de Álvarez,Ciudad de Villa de Álvarez,1948,3
0601000010127,1.9231989857497875,0.01340565756011356,0.006031584184097401,10.489237727947835,0.005563588266520681,Colima,Villa de Álvarez,Ciudad de Villa de Álvarez,1380,2
0601000010131,2.8562306927712577,0.019935462052407454,0.008913834188432003,15.559379586988902,0.008102739103001121,Colima,Villa de Álvarez,Ciudad de Villa de Álvarez,2628,3
0601000010146,4.723439234227471,0.032628082690629424,0.014747973284702325,25.685340378017532,0.01217960921948697,Colima,Villa de Álvarez,Ciudad de Villa de Álvarez,3103,2
0601000010150,3.66169518364764,0.02522408214423826,0.011454851734934076,19.911382907902787,0.008746384716602003,Colima,Villa de Álvarez,Ciudad de Villa de Álvarez,2312,2
0601000010165,1.9963900597357234,0.013814056200174635,0.006193989703758735,10.834856027617741,0.004879125759074296,Colima,Villa de Álvarez,Ciudad de Villa de Álvarez,2403,2
060100001017A,1.3530085766597248,0.00930348568660603,0.004187134100780576,7.338924267872715,0.003174637266917973,Colima,Villa de Álvarez,Ciudad de Villa de Álvarez,1642,1
0601000010184,0.8721946169239345,0.005986360988205002,0.0026661140956639726,4.720296457806853,0.0018449036721300968,Colima,Villa de Álvarez,Ciudad de Villa de Álvarez,1483,2
0601000010199,2.296855147041483,0.01576757207478136,0.007283282868708278,12.58795042151558,0.006453544029768117,Colima,Villa de Álvarez,Ciudad de Villa de Álvarez,1961,1
0601000010201,1.6769200461345686,0.011436461527930396,0.005323079052293363,9.263036953860265,0.00469593249157797,Colima,Villa de Álvarez,Ciudad de Villa de Álvarez,2271,2
060100001024A,2.5373112851907753,0.01749976364855634,0.008016165075752637,13.988071478781958,0.0074142384328740474,Colima,Villa de Álvarez,Ciudad de Villa de Álvarez,1667,1
0601000010254,3.453999319600981,0.02375068606328694,0.010598037005242181,18.703531656965456,0.007544759078037397,Colima,Villa de Álvarez,Ciudad de Villa de Álvarez,1629,2
0601000010288,16.100682203636428,0.1115583401094341,0.0516797775448596,88.95934018194,0.04596320593123237,Colima,Villa de Álvarez,Ciudad de Villa de Álvarez,2557,3
0601000010305,10.652936488024867,0.07288327336253987,0.03363680751329455,59.27199760138914,0.029212227448637555,Colima,Villa de Álvarez,Ciudad de Villa de Álvarez,1115,1
060100001031A,7.706210334509131,0.05384317610060407,0.024086354684288876,42.32947658895913,0.022163104230406263,Colima,Villa de Álvarez,Ciudad de Villa de Álvarez,3140,1
0601000010339,2.6112755413707345,0.018209084549283536,0.008014134672430754,14.165084392935029,0.0059931089383733985,Colima,Villa de Álvarez,Ciudad de Villa de Álvarez,3345,1
0601000010343,1.8865187741370493,0.012754985893850245,0.00599729610211513,10.486549462405565,0.004992462480796491,Colima,Villa de Álvarez,Ciudad de Villa de Álvarez,1523,2
0601000010358,3.3655094710849367,0.02304847758078959,0.01066150005717941,18.52675824666632,0.009874100060657488,Colima,Villa de Álvarez,Ciudad de Villa de Álvarez,1262,2
0601000010362,1.9373043422162153,0.013535596973582571,0.006188721941430748,10.65665232365308,0.005466788298126968,Colima,Villa de Álvarez,Ciudad de Villa de Álvarez,2342,2
0601000010413,1.7329352506023312,0.012131381559163452,0.0053244724081348655,9.4443423114703,0.004151757212325627,Colima,Villa de Álvarez,Ciudad de Villa de Álvarez,1764,1
0601000010428,1.5582697118920599,0.01054378661016799,0.004970623405053761,8.733699715110168,0.003732002674134427,Colima,Villa de Álvarez,Ciudad de Villa de Álvarez,1904,1
0601000010432,2.9209081054135164,0.019890215941784955,0.009323477537271375,16.24780385533809,0.007423777624448773,Colima,Villa de Álvarez,Ciudad de Villa de Álvarez,1890,1
0601000010447,1.1179990942641793,0.007534109402566657,0.00356534436374115,6.286586018928668,0.0025752613591611302,Colima,Villa de Álvarez,Ciudad de Villa de Álvarez,2108,1
0601000010451,0.5768475996341471,0.004062703411445822,0.0017769769210238264,3.148141098515183,0.0014585593753872412,Colima,Villa de Álvarez,Ciudad de Villa de Álvarez,812,1
0601000010466,1.3546830309013351,0.009230338008361814,0.00432719860423019,7.512670663324167,0.003562769058776311,Colima,Villa de Álvarez,Ciudad de Villa de Álvarez,1550,1
0601000010470,1.3021190761817938,0.008792251700268924,0.0041484066970691215,7.334775442777359,0.003058372510762333,Colima,Villa de Álvarez,Ciudad de Villa de Álvarez,1291,1
0601000010485,0.1242221215849083,0.0008371232669518522,0.0003961493737490167,0.6985095576587403,0.00028614015101790336,Colima,Villa de Álvarez,Ciudad de Villa de Álvarez,146,1
060100001049A,0.22432962207994578,0.0015799402155622642,0.0006910465803981547,1.224277093867015,0.000567217534872816,Colima,Villa de Álvarez,Ciudad de Villa de Álvarez,462,1
0601000010502,1.2024028902586945,0.008133394109954839,0.0038068631065493004,6.81348860170335,0.0028726269657496127,Colima,Villa de Álvarez,Ciudad de Villa de Álvarez,1317,2
0601000010517,3.79910726646826,0.025673224922287248,0.012051043262222524,21.48625016836628,0.008995403142840525,Colima,Villa de Álvarez,Ciudad de Villa de Álvarez,888,1
0601000010521,2.72971430432627,0.018486059951534337,0.008704504579387049,15.37158662671339,0.006550205533426941,Colima,Villa de Álvarez,Ciudad de Villa de Álvarez,2393,2
0601000010536,0.8157036587146866,0.005546748417343999,0.0026146344196020747,4.542165091980548,0.0021781483379744336,Colima,Villa de Álvarez,Ciudad de Villa de Álvarez,1179,1
0601000010555,3.3064203872029507,0.022476539466568968,0.01054128306036975,18.346959580682533,0.008628713389512056,Colima,Villa de Álvarez,Ciudad de Villa de Álvarez,2200,1
060100001056A,1.6735720975050996,0.011419451749987835,0.005336022138860427,9.26083900091058,0.004410722296307166,Colima,Villa de Álvarez,Ciudad de Villa de Álvarez,1193,1
0601000010574,1.8840956392583414,0.012941593961638586,0.005972438253342002,10.315747512393237,0.005302719871615633,Colima,Villa de Álvarez,Ciudad de Villa de Álvarez,2043,1
0601000010589,2.3989755100762284,0.016860793391961556,0.00741635017382595,13.117219357145661,0.006902910543536332,Colima,Villa de Álvarez,Ciudad de Villa de Álvarez,2042,1
0601000010606,2.5785364578371692,0.01802494443523121,0.007963390227473032,13.989085661122536,0.006389678864183315,Colima,Villa de Álvarez,Ciudad de Villa de Álvarez,2500,1
0601000010610,2.6762242847568714,0.018636985582270553,0.008260544782338942,14.511378165539362,0.006423991175495942,Colima,Villa de Álvarez,Ciudad de Villa de Álvarez,3900,1
0601000010625,2.8813922362800777,0.01999433438583676,0.008761450304798472,15.56429606203984,0.005812597164144563,Colima,Villa de Álvarez,Ciudad de Villa de Álvarez,3643,1
0601000010644,0.32013986256439125,0.0022356973194085413,0.0009791707312244936,1.7491532864654675,0.0007335270871585681,Colima,Villa de Álvarez,Ciudad de Villa de Álvarez,305,1
0601000010659,0.8984492225654801,0.0062545861326908925,0.0027398381633925548,4.897530045047163,0.001956360586029928,Colima,Villa de Álvarez,Ciudad de Villa de Álvarez,1083,1
0601000010663,0.3204708886856371,0.0022570574508032344,0.0009872094005687925,1.748967276952879,0.0008103107641040229,Colima,Villa de Álvarez,Ciudad de Villa de Álvarez,335,1
0601000010678,1.0875355645678897,0.007643559671022697,0.0033620787454677636,5.946472775239366,0.0031293194464031707,Colima,Villa de Álvarez,Ciudad de Villa de Álvarez,332,1
0601000010682,0.7688871379086736,0.005413357215844441,0.0023699574770749687,4.197519586286861,0.0019887767571966568,Colima,Villa de Álvarez,Ciudad de Villa de Álvarez,798,1
0601000010697,1.02550684379404,0.0072225838425703254,0.0031590700818201357,5.596695286249214,0.002592994445132852,Colima,Villa de Álvarez,Ciudad de Villa de Álvarez,493,1
060100001070A,0.3200571060340796,0.002230357286559868,0.000977161063888419,1.7491997888436146,0.0007143311679222045,Colima,Villa de Álvarez,Ciudad de Villa de Álvarez,177,1
0601000010714,0.6831972756485658,0.004602459254669228,0.002193970076666073,3.842729745576465,0.0017502532789097907,Colima,Villa de Álvarez,Ciudad de Villa de Álvarez,775,1
0601000010729,1.262651616384474,0.008521572234576358,0.004024207221808651,7.161394567465203,0.0030677069705454148,Colima,Villa de Álvarez,Ciudad de Villa de Álvarez,1046,1
0601000010733,1.4965357393815095,0.010170257927915071,0.004779111752672737,8.385152267631353,0.0036028758335857596,Colima,Villa de Álvarez,Ciudad de Villa de Álvarez,1315,3
0601000010748,1.8394918463231058,0.012500942036395542,0.005874324862660239,10.306749662296873,0.0044285348787824665,Colima,Villa de Álvarez,Ciudad de Villa de Álvarez,2070,2
0601000010752,2.5048704544249,0.017404146145375218,0.007577188057649448,13.651551793924371,0.0058400882766585826,Colima,Villa de Álvarez,Ciudad de Villa de Álvarez,2963,2
0601000010767,2.5606253488198227,0.01784300547868261,0.007816395146293747,13.993754179567805,0.005720015446714846,Colima,Villa de Álvarez,Ciudad de Villa de Álvarez,2211,1
0601000010771,1.1914391758804357,0.008258220819104049,0.003575564524709434,6.47573903647477,0.0027943804642755685,Colima,Villa de Álvarez,Ciudad de Villa de Álvarez,1764,1
0601000010786,0.9366530653608571,0.006473946544578083,0.0027829306939748566,5.069705517417412,0.0020561111668821555,Colima,Villa de Álvarez,Ciudad de Villa de Álvarez,1464,2
0601000010790,1.5150649107609158,0.010496418637625488,0.0045295682476687435,8.219428109037043,0.00332492381219939,Colima,Villa de Álvarez,Ciudad de Villa de Álvarez,1723,1
0601000010818,0.8970162959473272,0.006302832990541018,0.002758109925951949,4.897306764978676,0.002445777411876566,Colima,Villa de Álvarez,Ciudad de Villa de Álvarez,932,2
0601000010822,0.4166121552913282,0.002934174686044205,0.00128337222073943,2.2736574600387427,0.0010534039933352299,Colima,Villa de Álvarez,Ciudad de Villa de Álvarez,571,1
0601000010837,0.192282533211382,0.0013542344704819407,0.0005923256403412754,1.0493803661717271,0.00048618645846241375,Colima,Villa de Álvarez,Ciudad de Villa de Álvarez,271,1
0601000010841,0.32298381564167455,0.002232395360199345,0.0009596312737844332,1.7481743163508314,0.0007090038506490191,Colima,Villa de Álvarez,Ciudad de Villa de Álvarez,631,2
0601000010856,0.6081085014647519,0.004237678844463749,0.0018566060213879958,3.3234795988028685,0.0013572292190521884,Colima,Villa de Álvarez,Ciudad de Villa de Álvarez,458,1
0601000010860,0.22420548728447853,0.001571930166289254,0.0006880320793940427,1.2243468474342358,0.0005384236560182705,Colima,Villa de Álvarez,Ciudad de Villa de Álvarez,269,1
0601000010875,1.628968300412203,0.011055431976229378,0.005251280131108465,9.083698316377538,0.004636342928029369,Colima,Villa de Álvarez,Ciudad de Villa de Álvarez,1388,1
060100001088A,1.644667912515772,0.011061348474572115,0.005287061198407773,9.257276932401318,0.004260847366773686,Colima,Villa de Álvarez,Ciudad de Villa de Álvarez,886,1
0601000010894,1.0869435638679523,0.007324828585828698,0.0034663070203038962,6.111958629513984,0.0025037263214066547,Colima,Villa de Álvarez,Ciudad de Villa de Álvarez,1416,1
0601000010907,0.8320399800779816,0.005608378548612735,0.0026246177634559305,4.715704277454473,0.002013652371637827,Colima,Villa de Álvarez,Ciudad de Villa de Álvarez,145,2
0601000010911,0.4647585561624795,0.0031150888571607345,0.00149726941202209,2.6198618224691845,0.0012319006856915987,Colima,Villa de Álvarez,Ciudad de Villa de Álvarez,333,1
0601000010926,1.1208205450966164,0.007846300749324561,0.0034351362286300265,6.12185049311655,0.0026441284820004286,Colima,Villa de Álvarez,Ciudad de Villa de Álvarez,495,1
0601000010930,1.628968300412203,0.011055431976229378,0.005251280131108465,9.083698316377538,0.004636342928029369,Colima,Villa de Álvarez,Ciudad de Villa de Álvarez,1098,1
0601000010945,2.1264687158916735,0.014353552160815833,0.006767797775889475,11.88132417256994,0.005348964407141845,Colima,Villa de Álvarez,Ciudad de Villa de Álvarez,1013,1
060100001095A,1.9162147982808602,0.012940055231510508,0.0060937079301109885,10.661297441897187,0.005019319839151747,Colima,Villa de Álvarez,Ciudad de Villa de Álvarez,1452,1
0601000010964,1.619363244087535,0.011231667518826257,0.004917365190316946,8.74408757992675,0.0032069334716755787,Colima,Villa de Álvarez,Ciudad de Villa de Álvarez,1515,1
0601000010979,1.9698998436116526,0.013678670047159858,0.005989717570924219,10.668360256798033,0.0040218755458248335,Colima,Villa de Álvarez,Ciudad de Villa de Álvarez,561,1
0601000010983,1.347945739193655,0.009454578575621144,0.0041890400203200345,7.344234974695655,0.003894839884814025,Colima,Villa de Álvarez,Ciudad de Villa de Álvarez,1256,1
0601000010998,2.953249775825678,0.02071875755596219,0.009137494165602491,16.088611123846153,0.008001587233405525,Colima,Villa de Álvarez,Ciudad de Villa de Álvarez,1374,1
0601000011002,1.939340871099004,0.013083543618541896,0.00618395132837156,11.0038636801591,0.004719487212528333,Colima,Villa de Álvarez,Ciudad de Villa de Álvarez,448,1
0601000011017,1.7681536537738347,0.011860496849680211,0.005696477245135103,9.95558734410594,0.004737859348845631,Colima,Villa de Álvarez,Ciudad de Villa de Álvarez,859,1
0601000011021,0.379767088573059,0.0026519134557182068,0.0011837245145300227,2.099780510738519,0.0010451548306899467,Colima,Villa de Álvarez,Ciudad de Villa de Álvarez,372,2
0601000011036,1.9177451499899618,0.013724425990293287,0.0058553151271025184,10.677206395477999,0.005382969843156174,Colima,Villa de Álvarez,Ciudad de Villa de Álvarez,1898,2
0601000011040,1.0795376906553733,0.007693354201483318,0.003314463543924218,5.948020700399755,0.003331066971557175,Colima,Villa de Álvarez,Ciudad de Villa de Álvarez,1014,2
0601000011055,1.3353682271947822,0.00951693494171721,0.0040952641562921124,7.3471914807961065,0.00415929306122287,Colima,Villa de Álvarez,Ciudad de Villa de Álvarez,1132,2
060100001106A,1.4993967641594836,0.010609674960678413,0.0045432049116776434,8.222250138484023,0.004809142859517292,Colima,Villa de Álvarez,Ciudad de Villa de Álvarez,1655,2
0601000011074,1.4320788873607715,0.010206464113755953,0.004388458291794006,7.871726035073212,0.00448876723579971,Colima,Villa de Álvarez,Ciudad de Villa de Álvarez,1518,2
0601000011089,1.2729590109873523,0.00907241254556092,0.0039008518149280047,6.997089808953966,0.003990015320710903,Colima,Villa de Álvarez,Ciudad de Villa de Álvarez,969,1
0601000011093,0.8161508502825313,0.005836235995721355,0.0024628679759832414,4.5509400256234676,0.002243911888351154,Colima,Villa de Álvarez,Ciudad de Villa de Álvarez,1180,4
0601000011106,1.0454971436888674,0.007218100427342545,0.003301389719045197,5.939144098688217,0.0026525194076750538,Colima,Villa de Álvarez,Ciudad de Villa de Álvarez,1015,2
0601000011110,0.5733997967000337,0.004078016161725416,0.0017551568014706925,3.1486972306757455,0.001776675692165519,Colima,Villa de Álvarez,Ciudad de Villa de Álvarez,808,1
060100001113A,2.715018401443832,0.01910798951993345,0.00838875399730574,14.867035503310333,0.007878470521346617,Colima,Villa de Álvarez,Ciudad de Villa de Álvarez,1375,1
0601000011144,3.1685153231537826,0.02216813296503621,0.009876237983973614,17.659201231826234,0.008596190014166921,Colima,Villa de Álvarez,Ciudad de Villa de Álvarez,2679,1
0601000011159,1.4775501587608908,0.010573943214571302,0.004509979578728999,8.22669999121077,0.004145240109605741,Colima,Villa de Álvarez,Ciudad de Villa de Álvarez,1864,2
0601000011163,0.7911814345272069,0.005524819699412931,0.002466092738604214,4.374542730705248,0.002177405897270722,Colima,Villa de Álvarez,Ciudad de Villa de Álvarez,352,1
0601000011178,0.5900550775283167,0.003976335518021298,0.0018817095253078292,3.3179203988790187,0.0013591657173350408,Colima,Villa de Álvarez,Ciudad de Villa de Álvarez,579,1
0601000011182,2.9761520466198093,0.02025010623669258,0.009603223987622582,16.594672089880717,0.008721573744470974,Colima,Villa de Álvarez,Ciudad de Villa de Álvarez,143,1
0601000011197,0.1256442553094841,0.0008951102797271098,0.00038924484898307635,0.7000385560879856,0.00035870416470635717,Colima,Villa de Álvarez,Ciudad de Villa de Álvarez,114,2
060100001120A,0.1591198763734185,0.0011340515681951262,0.0004876064768660006,0.8746362261192452,0.0004987519150888641,Colima,Villa de Álvarez,Ciudad de Villa de Álvarez,198,1
0601000011214,1.1204973839920935,0.00804214921768785,0.003435574310420505,6.29509217039637,0.0031319477312810795,Colima,Villa de Álvarez,Ciudad de Villa de Álvarez,1001,1
0601000011229,1.608724479706573,0.011628195869237246,0.004914851087803296,9.088875197874733,0.004318372536748648,Colima,Villa de Álvarez,Ciudad de Villa de Álvarez,773,2
0601000011248,1.4436180181935738,0.009949047630691425,0.0045068460939219545,8.039463218084625,0.0037690982788586083,Colima,Villa de Álvarez,Ciudad de Villa de Álvarez,418,1
0601000011252,1.2958818748861374,0.008799177092588227,0.00411695092014529,7.335973416248085,0.0032102751177900154,Colima,Villa de Álvarez,Ciudad de Villa de Álvarez,1364,1
0601000011267,1.2448902177010983,0.008779790722214938,0.0037505671098952338,6.8232062701056035,0.004016333977328422,Colima,Villa de Álvarez,Ciudad de Villa de Álvarez,1099,2
0601000011286,0.5779457307458383,0.00404146029150911,0.0017533446794954148,3.148751763847435,0.0016260260749303833,Colima,Villa de Álvarez,Ciudad de Villa de Álvarez,513,2
0601000011290,0.408699786063434,0.002924877670062579,0.0012478540434808646,2.275470215429737,0.0011471902944431432,Colima,Villa de Álvarez,Ciudad de Villa de Álvarez,232,1
0601000011318,3.5781688204019497,0.024779061916681323,0.011272792289728939,19.577816137464303,0.010399297451810858,Colima,Villa de Álvarez,Ciudad de Villa de Álvarez,1216,2
0601000011322,2.4323892678385506,0.016969629723881424,0.007611841800211671,13.288384990257132,0.0070463061159276455,Colima,Villa de Álvarez,Ciudad de Villa de Álvarez,1319,2
0601000011337,1.3690611888525868,0.009805320436424956,0.004258482590431423,7.692377813101375,0.003872083186496914,Colima,Villa de Álvarez,Ciudad de Villa de Álvarez,1272,1
0601000011341,0.9099090451398283,0.006515525186541924,0.002780470964320765,5.075055347770118,0.002551934901840257,Colima,Villa de Álvarez,Ciudad de Villa de Álvarez,945,1
0601000011356,0.7824730172860356,0.005305247785825568,0.0025223175180547667,4.367104549598777,0.0022149435660026814,Colima,Villa de Álvarez,Ciudad de Villa de Álvarez,255,1
0601000011360,1.1912205497291615,0.008269162476186065,0.003564008705919548,6.475283536483631,0.0029067626017682886,Colima,Villa de Álvarez,Ciudad de Villa de Álvarez,414,1
0601000011375,1.8593104944850474,0.01307658276327012,0.005605361653491303,10.146832943290327,0.005725416287492495,Colima,Villa de Álvarez,Ciudad de Villa de Álvarez,1878,1
060100001138A,0.4174052499831052,0.0029188324327565794,0.0012663044907466885,2.2740984961120363,0.001174352165227499,Colima,Villa de Álvarez,Ciudad de Villa de Álvarez,126,1
