CVE Estado,Estado,CVE Municipio,Municipio,  PM10,  PM2.5,  SO2,  CO,  NOX,  COV,  NH3
01,Aguascalientes,001,Aguascalientes,152.3699641,107.8446624,523.0511012,108.7432196,208.277075,879.064475,3.475999898
01,Aguascalientes,002,Asientos,57.6816753,41.53080622,0,0,0,0,0
01,Aguascalientes,005,Jesús María,94.86000325,67.49525062,24.0523,24.5993,36.7025,98.9622174,0.8736
01,Aguascalientes,006,Pabellón de Arteaga,4.8302645,3.017673,35.8528,0.3423,3.3784,0.0168,0.0481
01,Aguascalientes,007,Rincón de Romos,0.3499,0.1498,0.2422,0.9246,4.0465,0.2128,0.0054
01,Aguascalientes,009,Tepezalá,75.669356,50.994566,1329.3097,56.2263,2406.254,6.5221,0.2722
01,Aguascalientes,011,San Francisco de los Romo,88.86517193,63.18160099,79.53610207,31.914644,60.06942,493.6589643,0.2702
02,Baja California,001,Ensenada,77.379692,38.10614566,309.2489923,44.34194334,451.7248052,118.5078562,9.24044E-05
02,Baja California,002,Mexicali,1183.191887,1178.739275,27.19421467,2287.993275,4519.724471,3227.911722,8.516800178
02,Baja California,003,Tecate,89.55046259,56.05247809,44.21909,794.2971889,99.7155,196.10268,0
02,Baja California,004,Tijuana,1122.021012,670.7574198,441.1950918,3869.267182,1669.327446,4435.74031,2.2973
02,Baja California,005,Playas de Rosarito,835.9899962,834.2302962,13.2377,1578.7851,5442.01691,250.6535693,12.2152
03,Baja California Sur,001,Comondú,653.926567,318.2010995,8285.2698,1978.441,9211.194,48.0113,0.2645
03,Baja California Sur,002,Mulegé,213.9315565,70.94469412,1511.008761,591.0392825,3052.35613,90.0103113,0.827045199
03,Baja California Sur,003,La Paz,1216.047032,666.8895536,22991.2303,2899.0718,13497.92526,62.35368509,14.6287
03,Baja California Sur,008,Los Cabos,80.893,10.111625,54.3739,63.6219,1184.3939,2.8265,0
03,Baja California Sur,009,Loreto,0.1325,0.0331,0.7525,0.6624,2.6496,0.0265,0.106
04,Campeche,002,Campeche,672.9558939,536.8413239,107631.5153,686.6212005,4256.139299,318.2792542,14.1101
04,Campeche,003,Carmen,2473.130652,2396.725237,1280.551977,4080.515713,13402.4011,169.2544566,10.95924663
04,Campeche,004,Champotón,1344.933981,782.0901799,10.13686564,33.04128636,255.5999086,10.14149705,0
04,Campeche,007,Palizada,140.7791,89.829975,40.29140238,175.1623,569.014269,5.3494,0.0042
04,Campeche,009,Escárcega,3.950482479,3.950482479,3.672733797,12.49068134,55.75319434,5.675260889,0
04,Campeche,011,Candelaria,0.001,0.001,6.2208E-07,0.0058,0.0342,0.0006,0
05,Coahuila de Zaragoza,002,Acuña,14.53901649,12.51395702,0.159441838,42.3687,145.0594,55.5279335,0.835922623
05,Coahuila de Zaragoza,004,Arteaga,0.957564,0.924195,0.0007,0.4531,0.7362,0.022,0.004
05,Coahuila de Zaragoza,006,Castaños,1.2522,1.2494,0.1202,13.8175,16.5031,20.15578,0.5305
05,Coahuila de Zaragoza,007,Cuatro Ciénegas,0.0466,0.0117,0.2649,0.2332,0.9329,0.0093,0.0374
05,Coahuila de Zaragoza,009,Francisco I. Madero,0.5252,0.5252,0.0071,0.8228,3.2107,0.021,0
05,Coahuila de Zaragoza,010,Frontera,163.1110479,122.6438524,264.7139,47.045,144.4397,1219.90642,1.7278
05,Coahuila de Zaragoza,011,General Cepeda,0,0,0,0,0,0,0
05,Coahuila de Zaragoza,013,Hidalgo,4.8481,3.1577,336.1682,2.8174,30.991,0.1578,0.4508
05,Coahuila de Zaragoza,017,Matamoros,0.038256013,0.038256013,8.0958E-08,0.405857108,0.712609426,0,0
05,Coahuila de Zaragoza,018,Monclova,17488.86523,12820.15423,6448.864729,16579.78893,33285.23893,2065.527452,368.49
05,Coahuila de Zaragoza,020,Múzquiz,0.0628,0.05,6.39965E-07,0.006,0.0352,0.774835,0
05,Coahuila de Zaragoza,022,Nava,3744.9132,899.0994,135421.166,6733.6037,24015.2674,97.1703,7.9107
05,Coahuila de Zaragoza,023,Ocampo,24.8668,3.10835,23.2285,76.063,353.4004,22.7877,0
05,Coahuila de Zaragoza,024,Parras,4.3777,3.8557,0.204,28.5624,34.0032,1.8701,1.0919
05,Coahuila de Zaragoza,025,Piedras Negras,9.7067154,7.8798001,14.5525,32.8621,40.299,466.294934,1.2712
05,Coahuila de Zaragoza,027,Ramos Arizpe,655.4868047,511.8875133,39.77999086,599.2691566,2298.967544,782.3674317,6.058413874
05,Coahuila de Zaragoza,028,Sabinas,0.0086,0.0061,0,0,0,14.7231446,0
05,Coahuila de Zaragoza,030,Saltillo,276.7433248,233.7634495,1895.313164,296.7644907,842.8078036,966.0828439,9.090953616
05,Coahuila de Zaragoza,032,San Juan de Sabinas,2.815575066,2.792375066,0.215184874,30.1823823,36.1973456,1.972528008,1.151463225
05,Coahuila de Zaragoza,033,San Pedro,0.8264,0.5381,57.2994,0.4802,5.2824,0.027,0.0769
05,Coahuila de Zaragoza,034,Sierra Mojada,0.1481,0.0316625,0.6375,0.657,2.713,0.0603,0.0843
05,Coahuila de Zaragoza,035,Torreón,390.1694354,277.1372259,604.3993823,368.9027686,1799.345691,82.6932844,11.69399531
05,Coahuila de Zaragoza,038,Zaragoza,0.7935,0.7935,0.0627,8.7696,10.4399,0.5742,0.3354
06,Colima,001,Armería,6.2465,4.0685,433.1316,3.63,39.93,0.2033,0.5808
06,Colima,002,Colima,3.184862,1.27734372,1.5082,4.176,19.0871,11.62489234,0.051
06,Colima,004,Coquimatlán,0,0,0,0,0,0,0
06,Colima,005,Cuauhtémoc,2553.593107,1496.816268,845.19691,388.955642,334.530462,0.544691952,1.55626272
06,Colima,006,Ixtlahuacán,5.964547761,3.239958274,4.338,0.0859,0.5949,0.004,0.0137
06,Colima,007,Manzanillo,1883.715638,1703.872646,14911.68556,2191.82805,5532.25298,265.411599,51.76551194
06,Colima,008,Minatitlán,0,0,0,0,0,0,0
06,Colima,009,Tecomán,34.83429411,23.91129276,32.12029378,69.4874,1144.970053,4.3757,1.3983
06,Colima,010,Villa de Álvarez,7.156965,4.193404,0.037,0.0358,0.136,0.0014,0.0052
07,Chiapas,003,Acapetahua,51.428,29.348,0,8.3628,5.014,22.08,9.66
07,Chiapas,009,Arriaga,19.358047,6.697442,59.26217718,1.7453,10.3735,0.0775,0.2795
07,Chiapas,012,Berriozábal,0.1196,0.1196,0.0001,0.6697,3.9466,0.0678,0
07,Chiapas,019,Comitán de Domínguez,0.0079,0.0079,4.72893E-06,0.0441,0.2601,0.0045,0
07,Chiapas,027,Chiapa de Corzo,91.68132679,48.09807195,1011.830883,6.5711,125.4261,4.1055,0.6132
07,Chiapas,038,Huixtán,2124.1485,1212.3189,0,345.39,207.234,0,0
07,Chiapas,048,Juárez,0.7048,0.7048,0.0557,7.7894,9.5123,0.5099,0.2977
07,Chiapas,051,Mapastepec,103.6639407,59.16429786,0,16.8897,10.1263,44.593152,19.509504
07,Chiapas,055,Metapa,0.0114,0.0028,0.064910257,0.0572,0.2286,0.0023,0.0091
07,Chiapas,061,Ocozocoautla de Espinosa,34.20169,9.73244,6.89515696,6.1,24.4578,0.2459,0.9719
07,Chiapas,062,Ostuacán,11.39142793,11.25900601,18.95525976,33.665318,77.9497276,1.685105936,0.795922336
07,Chiapas,065,Palenque,25.35753287,15.30823247,0,3.7522,5.5597,9.906624,4.334148
07,Chiapas,068,Pichucalco,4.8373,4.8373,0.3818,53.4645,63.6482,3.5006,2.0436
07,Chiapas,074,Reforma,204.0024,203.99035,10866.289,927.7227,2528.4592,52.017,27.0817
07,Chiapas,078,San Cristóbal de las Casas,0.1204,0.0437,0.580810876,0.6128,2.6434,0.0308,0.0818
07,Chiapas,088,Sunuapa,0,0,0,0,0,0,0
07,Chiapas,089,Tapachula,4.5375416,2.9657302,125.6001,1.1525032,12.039976,33.54960643,0.1842
07,Chiapas,101,Tuxtla Gutiérrez,0,0,0,0,0,37.03164935,0
07,Chiapas,106,Venustiano Carranza,2599.359,1483.5366,0,422.66,253.596,0,0
07,Chiapas,108,Villaflores,0.097,0.0242,0.551391608,0.4852,1.9412,0.0193,0.0777
08,Chihuahua,001,Ahumada,0,0,0,0.00938,0,0.00209,0
08,Chihuahua,002,Aldama,0.4249324,0.2605176,0,0.02175,0,0,0
08,Chihuahua,004,Aquiles Serdán,0.366437387,0.259822638,0,0,0,0,0
08,Chihuahua,005,Ascensión,0.000412831,0.000412831,2.14226E-07,0.004384937,0.007698744,0,0
08,Chihuahua,010,Buenaventura,0.00628,0.00628,0,3088.423341,0,0.01532,0
08,Chihuahua,011,Camargo,0.0000891,0.0000801,0.00006816,5.763241,0.00024,0.005131,0.0000096
08,Chihuahua,017,Cuauhtémoc,24.4633406,22.55757185,16.39369651,880.5484686,296.589636,11.0650492,3.3066
08,Chihuahua,019,Chihuahua,1237.016629,784.8943049,2319.659309,6058.863799,6846.153816,711.6477034,63.03628271
08,Chihuahua,020,Chínipas,0.005369859,0.001342465,0.030500801,0.026849297,0.107397187,0.001073972,0.004295887
08,Chihuahua,021,Delicias,737.3637688,532.5263688,6137.61858,144.556651,753.3866505,34.230063,21.432
08,Chihuahua,025,Gómez Farías,0,0,0,0,0,4.4968E-06,0
08,Chihuahua,031,Guerrero,0,0,0.0933466,0.0362304,0.21653,0,0
08,Chihuahua,032,Hidalgo del Parral,5.427030656,5.427030656,8.768684467,1227.940262,1.182034024,18.39027661,0
08,Chihuahua,034,Ignacio Zaragoza,0.00209,0.00209,0,2.8763E-06,0,0.00146,0
08,Chihuahua,036,Jiménez,0.000108,0.000108,0,0.226656,0,0,0
08,Chihuahua,037,Juárez,1354.186072,1216.057152,4135.428422,10586.18597,12624.37666,679.5591502,15.19263486
08,Chihuahua,040,Madera,0.004137725,0.004137725,2.14714E-06,1.378979347,0.077162976,0,0
08,Chihuahua,045,Meoqui,0.070695,0.070695,0.001682,51.642787,17.117508,22.59619,0
08,Chihuahua,048,Namiquipa,0,0,0,4.88592,0,0,0
08,Chihuahua,051,Ocampo,27.946406,19.98015182,1.1075,1.4629,5.5108,0.134,0.142
08,Chihuahua,052,Ojinaga,0.4896,0.4896,0,0,0,0.231336,0
08,Chihuahua,053,Praxedis G. Guerrero,0.012558,0.012558,0,0.452046,0,0.0728364,0
08,Chihuahua,054,Riva Palacio,0.0456,0.0456,0,0.33708,0,0,0
08,Chihuahua,055,Rosales,0.0006,0.0006,0,0.0324,0,0.12384,0
08,Chihuahua,059,San Francisco del Oro,0.00132336,0.00033084,0.007516685,0.0066168,0.0264672,0.000264672,0.001058688
08,Chihuahua,060,Santa Bárbara,0.265007179,0.187905787,0,0,0,0,0
08,Chihuahua,062,Saucillo,0,0,0,0,0,0,0
08,Chihuahua,065,Urique,0,0,0,0,0,0,0
09,Ciudad de México,002,Azcapotzalco,256.5388291,171.5635866,3.420203359,142.4196377,157.6520446,1039.275298,3.995664923
09,Ciudad de México,003,Coyoacán,14.55677109,12.51802954,8.684932487,44.05386241,69.23913813,134.7135925,0.918668289
09,Ciudad de México,004,Cuajimalpa de Morelos,2.206700563,2.133126706,1.28128826,10.75061106,19.19366215,209.0744337,0.436766277
09,Ciudad de México,005,Gustavo A. Madero,72.46889783,65.80425005,4.590880703,62.99619365,529.9658973,1576.670635,2.27725528
09,Ciudad de México,006,Iztacalco,44.76373899,33.76925778,6.108234009,13.05345101,28.74366128,1341.058096,0.246904302
09,Ciudad de México,007,Iztapalapa,89.46622389,70.00012794,13.12704682,209.9391714,887.0365086,2781.104505,1.805988024
09,Ciudad de México,008,La Magdalena Contreras,0.231127847,0.230821007,0.043232863,3.357107281,17.29044531,0.85791973,0.073571174
09,Ciudad de México,009,Milpa Alta,0.005223244,0.004034644,0.044739533,0.047286552,0.103568063,0.068594995,0.00380352
09,Ciudad de México,010,Álvaro Obregón,100.2895605,71.6514989,2.776810669,33.5466262,28.15307414,144.147191,0.463701284
09,Ciudad de México,011,Tláhuac,148.9946988,93.82225047,0.184450648,9.055231697,12.79858525,168.4391043,0.180466522
09,Ciudad de México,012,Tlalpan,4.110880788,3.361412718,1.869110861,27.51981501,45.15742808,140.8044488,0.482759499
09,Ciudad de México,013,Xochimilco,29.99647932,29.96549604,0.927566532,52.30236182,80.7387399,120.3331494,0.40874853
09,Ciudad de México,014,Benito Juárez,23.17186371,21.49211702,9.026401522,59.53163926,32.72697338,145.0922794,0.484560795
09,Ciudad de México,015,Cuauhtémoc,33.70650874,32.23351066,19.53832147,75.53433301,104.6418134,1086.27138,1.274823538
09,Ciudad de México,016,Miguel Hidalgo,54.74180445,38.33912026,17.46155099,139.4619295,159.2533291,2148.482049,3.68980609
09,Ciudad de México,017,Venustiano Carranza,14.83327329,14.57279343,3.640355444,20.6646105,24.22698422,1445.536928,0.338986983
10,Durango,004,Cuencamé,25.81288,5.1814316,0,0,0,0,0
10,Durango,005,Durango,722.7610232,696.6405641,13.25122986,1664.943418,1292.754103,1717.204164,31.37788755
10,Durango,007,Gómez Palacio,181.7525828,169.9074976,173.0967739,1429.999293,2418.915022,968.363208,51.11422801
10,Durango,009,Guanaceví,2.8953676,2.0873669,0.056047968,0.273838,0.591552,0.00197352,0.00789408
10,Durango,012,Lerdo,784.1817929,477.6786597,14950.16968,195.0744302,424.523816,24.34433861,25.6455
10,Durango,013,Mapimí,4.9104392,3.7005152,0.0427,6.4103,7.8637,0.3928,0.2293
10,Durango,016,Nombre de Dios,0,0,0,0,0,0,0
10,Durango,019,Otáez,11.736075,8.455842,0,0,0,0,0
10,Durango,020,Pánuco de Coronado,123.56,11.4072,0,0,0,0,0
10,Durango,026,San Dimas,0.0066,0.0017,0.0375,0.033,0.1322,0.0013,0.0053
10,Durango,031,Santa Clara,0.0006,0.0006,0,0.0061,0.0108,0,0
10,Durango,032,Santiago Papasquiaro,105.7341103,78.29673184,0.863992575,156.6706536,17.2798515,1.256871286,6.9119406
10,Durango,035,Tepehuanes,2.0158,1.452384,0,0,0,0,0
10,Durango,037,Topia,0.291324,0.20535028,0.0069,0.0227,0.1055,0.0068,0
10,Durango,039,Nuevo Ideal,0.0018,0.0018,0,0.0195,0.0343,0,0
11,Guanajuato,001,Abasolo,9.63926,2.76716,0.0015,0.09259,0.2464,0.0133,0.0077
11,Guanajuato,002,Acámbaro,0.0021,0,0,0.01048,0.05903,0.160308,0
11,Guanajuato,003,San Miguel de Allende,0.000157287,0.000095238,0,0,0,0,0
11,Guanajuato,004,Apaseo el Alto,0.23249744,0.2320392,0.0181,2.5509,3.0396,0.166721902,0.0973
11,Guanajuato,005,Apaseo el Grande,6.591201692,5.424155655,2.783738,1930.83126,63.2454,1266.763,1.9475
11,Guanajuato,007,Celaya,62.83642883,49.73807474,477.6810442,1887.071834,126.9280102,890.8451095,2.804860136
11,Guanajuato,009,Comonfort,0.0048,0.0031,0.0859,0.0007,0.0079,0,0.0001
11,Guanajuato,011,Cortazar,0.2229,0.2183,0.0198,3.03128,5.56511,2.604224,0.0926
11,Guanajuato,013,Doctor Mora,0.0179,0,0,0.1899,0.3334,0,0
11,Guanajuato,014,Dolores Hidalgo Cuna de la Independencia Nacional,4.0746636,2.1919664,0.0728,35.4996,553.9439,0.5113,0.2985
11,Guanajuato,015,Guanajuato,0.032175,0.023182,0,0,0,0,0
11,Guanajuato,017,Irapuato,59.15962625,36.29831968,22.890724,186.5377894,173.1836626,443.3594143,2.5155
11,Guanajuato,018,Jaral del Progreso,3.94641544,2.56785492,51.381,2.0279,8.8181,0.0452,0.1296
11,Guanajuato,019,Jerécuaro,0.00234648,0.00102564,0,0.0092,0.0161,0,0
11,Guanajuato,020,León,47.11653728,32.76960723,1.228596434,24.85285492,313.8082236,386.4209488,0.894789807
11,Guanajuato,022,Ocampo,0.0004,0,0,0.0041,0.0076,0.00804,0
11,Guanajuato,023,Pénjamo,0.0682351,0.04082555,96.358,15.7588,26.0089,34.6112,0.0323
11,Guanajuato,025,Purísima del Rincón,0.183788,0.015084,0.9089,2.3846,3.3548,88.5216583,0.0326
11,Guanajuato,027,Salamanca,1371.774365,822.0462474,16577.98493,1419.16023,3554.19852,5671.333114,69.6496
11,Guanajuato,028,Salvatierra,0.7221,0.4703,33.5952,1.803,0.903,0.0234,0.0669
11,Guanajuato,030,San Felipe,0.0022,0,0,0.0237,0.0424,0.00857,0
11,Guanajuato,031,San Francisco del Rincón,1.5326356,0.8519283,0.0508,112.301,84.6967,152.365123,0.0072
11,Guanajuato,032,San José Iturbide,65.40913034,47.95320934,1.2411,96.839489,161.71188,13.3663854,3.4407
11,Guanajuato,033,San Luis de la Paz,1312.9954,1312.9166,21.841409,939.640148,1524.444082,52.6949,0.083
11,Guanajuato,037,Silao de la Victoria,315.2658551,241.4185137,2.61334,100.158621,207.173174,3030.337035,2.7598
11,Guanajuato,041,Uriangato,0.6628,0,0.0003005,7.0406,12.3614,0,0
11,Guanajuato,044,Villagrán,79.4328788,44.8395808,14.59430524,121.1546341,129.4439362,23.28646318,4.613617538
12,Guerrero,001,Acapulco de Juárez,185.5548035,116.4095458,90.07696537,12.6662696,485.4654541,28.598233,0.23195316
12,Guerrero,007,Arcelia,0,0,0,0,0,0,0
12,Guerrero,017,Cocula,155.99506,97.95311,0.3145,0.0222,0.00088,0,0
12,Guerrero,035,Iguala de la Independencia,0,0,0,0,0,13.25814936,0
12,Guerrero,055,Taxco de Alarcón,0,0,0,0,0,0,0
12,Guerrero,068,La Unión de Isidoro Montes de Oca,5576.6257,3165.029788,62420.2536,3734.3877,24642.7583,0.4374,2.9174
12,Guerrero,075,Eduardo Neri,0.049746648,0.049746648,2.58145E-05,0.528390072,0.92770776,0,0
13,Hidalgo,001,Acatlán,0.013824423,0.012582171,0.0011,0.1344,0.2469,0.0011,0
13,Hidalgo,003,Actopan,0.0243,0.0243,0,0.2573,0.4517,0,0
13,Hidalgo,005,Ajacuba,0.0849,0.0212,0.4824,0.4245,1.6984,0.0169,0.068
13,Hidalgo,006,Alfajayucan,0,0,0,0,0,0.297637,0
13,Hidalgo,010,Atitalaquia,1940.856754,1127.348742,29929.9412,1194.36266,3449.73044,2606.031713,63.1344
13,Hidalgo,013,Atotonilco de Tula,139.46767,130.7073569,316.1589599,1597.839852,1961.634962,32.2386,1.7513
13,Hidalgo,016,Cuautepec de Hinojosa,1.112948,0.735414,22.822,1.3803,2.4727,0.0471,0.0384
13,Hidalgo,021,Emiliano Zapata,9.0103934,7.24980229,0.0187,2.6114,3.1089,0.171,0.0998
13,Hidalgo,022,Epazoyucan,0,0,0,0,0,0.003242,0
13,Hidalgo,028,Huejutla de Reyes,0.00455184,0.00315019,0,0,0,0,0
13,Hidalgo,029,Huichapan,61.41080184,35.03042033,1631.494015,93.5779,3390.3169,9.8846,0.01
13,Hidalgo,034,Lolotla,6.498043192,6.498043192,0.51300341,71.82047738,85.50056831,4.702531257,2.745102621
13,Hidalgo,035,Metepec,1.0359981,0.7759218,3.51,0.0967,2.1118,0.0106,0
13,Hidalgo,036,San Agustín Metzquititlán,0.0059,0.0059,0,0.0629,0.1105,0,0
13,Hidalgo,042,Molango de Escamilla,0,0,0,0,0,0,0
13,Hidalgo,044,Nopala de Villagrán,0,0,0,0,0,0,0
13,Hidalgo,046,San Felipe Orizatlán,1.0946,0.7129,19.6878,0.165,1.815,0.0092,0.0264
13,Hidalgo,048,Pachuca de Soto,4.123868,2.983286,0,0.1205,0.2117,58.44497062,0
13,Hidalgo,050,Progreso de Obregón,196.4124369,56.53432082,3784.9908,10.216,238.3712,1.192,0
13,Hidalgo,051,Mineral de la Reforma,7.39688128,4.30903697,43.0312,3.484,9.93,0.8749536,0.1601
13,Hidalgo,052,San Agustín Tlaxiaca,0.0109,0.0002,0.0107,0.035,0.1569,0.9979,0.0001
13,Hidalgo,056,Santiago Tulantepec de Lugo Guerrero,3.0563,1.9996,54.5038,0.7335,5.5111,0.0256,0.0731
13,Hidalgo,057,Singuilucan,4.743299,2.890144,0,0.4963,0.8715,0,0
13,Hidalgo,059,Tecozautla,1.229076423,0.187434155,0,0,0,0,0
13,Hidalgo,060,Tenango de Doria,8.051706985,1.227885315,0,0,0,0,0
13,Hidalgo,061,Tepeapulco,41.3439214,34.91328503,0.7414,97.8776,251.0152,654.9829277,3.74
13,Hidalgo,063,Tepeji del Río de Ocampo,1.487813082,1.284312228,0.3141,10.1594,13.4106,13.04551912,0.35
13,Hidalgo,066,Villa de Tezontepec,0.0003,0.0003,0,0.003,0.0052,0,0
13,Hidalgo,069,Tizayuca,58.42349099,42.87927327,208.6276576,203.3790815,718.4846016,183.3376401,6.008976588
13,Hidalgo,075,Tolcayuca,0.1277,0.0319,0.7251,0.6382,2.2347,11.972078,0.1021
13,Hidalgo,076,Tula de Allende,6620.657938,5028.938577,109639.4873,5470.085328,16667.69279,315.9232124,178.2761
13,Hidalgo,077,Tulancingo de Bravo,19.587096,12.783738,436.9331,4.6064,41.0977,0.880725,0.5955
13,Hidalgo,079,Xochicoatlán,0.0789924,0.0197481,0.448676832,0.394962,1.579848,0.01579848,0.06319392
13,Hidalgo,081,Zacualtipán de Ángeles,0.0207,0.0141,0.0501,0.1708,0.399,0.0018,0.0071
13,Hidalgo,082,Zapotlán de Juárez,0.0234,0.0018,0.0259,0.0858,0.3473,0.025833,0.0009
13,Hidalgo,083,Zempoala,0.0012,0.0012,0,0.0124,0.0217,1.982736,0
13,Hidalgo,084,Zimapán,28.63702269,20.04591588,0,0,0,0,0
14,Jalisco,001,Acatic,0.0167,0.0068,0.0735,0.1034,0.3267,0.4826,0.0104
14,Jalisco,002,Acatlán de Juárez,1153.6785,658.4409,0,187.59,112.554,0,0
14,Jalisco,003,Ahualulco de Mercado,0.1399,0.0909,2.5091,0.024,0.243,0.0013,0.0039
14,Jalisco,004,Amacueca,29.0088,18.8941,521.7804,4.373,48.1025,0.2449,0.6997
14,Jalisco,005,Amatitán,37.42030988,24.36975748,672.0416195,5.768715087,62.48067718,0.3204712,0.9222096
14,Jalisco,006,Ameca,1576.934246,900.0058042,1.702854334,256.4666865,154.1653611,0.0026512,0.0084048
14,Jalisco,007,San Juanito de Escobedo,2.102,1.3689,37.8026,0.3185,3.4919,0.0178,0.051
14,Jalisco,008,Arandas,71.56487552,46.60499552,1287.015063,10.87537728,118.9967624,0.607548,1.740092
14,Jalisco,009,El Arenal,5.79459776,3.77069094,104.0998824,0.9264368,9.7905552,0.050795152,0.146880608
14,Jalisco,011,Atengo,0.0417,0.0272,0.751,0.0063,0.0692,0.0003,0.001
14,Jalisco,013,Atotonilco el Alto,25.2293763,16.0776055,436.6206865,3.68689776,40.3499808,0.2059176,0.58924
14,Jalisco,015,Autlán de Navarro,2002.666,1142.9911,0.0279,325.85,195.8161,0.001,0.0039
14,Jalisco,016,Ayotlán,11.0368,7.1886,198.5055,1.6715,18.3185,0.0932,0.2665
14,Jalisco,018,La Barca,1.0165,0.6615,18.2641,0.1612,1.7136,0.0088,0.0257
14,Jalisco,019,Bolaños,0,0,0,0,0,0,0
14,Jalisco,020,Cabo Corrientes,0.0006,0.0002,0.0034,0.003,0.012,0.0001,0.0005
14,Jalisco,021,Casimiro Castillo,1137.7704,649.3623,0.1465,185.0032,111.0147,0.0001,0.0002
14,Jalisco,022,Cihuatlán,0.1114,0.0283,0.6287,0.5609,2.2266,0.0221,0.0886
14,Jalisco,023,Zapotlán el Grande,0.97676,0.781433487,0.1191,0.0113,0.0513,69.363527,0.0018
14,Jalisco,024,Cocula,0.0955,0.061,1.6823,0.0279,0.209,0.0013,0.0045
14,Jalisco,025,Colotlán,0.0156,0.0039,0.0886,0.078,0.312,0.0031,0.0125
14,Jalisco,029,Cuquío,0,0,0,0,0,0,0
14,Jalisco,030,Chapala,2.8735,1.9045,49.9361,1.4462,6.4273,0.024,0.0681
14,Jalisco,035,Encarnación de Díaz,0.1449,0.0362,0.8232,0.725,2.8992,0.029,0.116
14,Jalisco,036,Etzatlán,0.026162031,0.006916781,0.146389586,0.133455737,0.523452744,0.0051454,0.0205816
14,Jalisco,039,Guadalajara,86.91283851,65.11725739,937.9231732,306.1433557,603.2569675,851.1817724,13.29992455
14,Jalisco,040,Hostotipaquillo,0.0017,0.0004,0.0095,0.0084,0.0336,0.0003,0.0013
14,Jalisco,043,La Huerta,0,0,0,0,0,0,0
14,Jalisco,044,Ixtlahuacán de los Membrillos,6.740784685,4.661357054,52.10605135,28.06106696,33.6173405,1.820760032,1.181364128
14,Jalisco,046,Jalostotitlán,7.2651,4.7323,130.6554,1.1069,12.0659,0.0613,0.1752
14,Jalisco,047,Jamay,2.8679,1.867,51.5579,0.4423,4.7933,0.0246,0.0708
14,Jalisco,048,Jesús María,7.604,4.9531,136.7479,1.1608,12.6327,17.6141,0.1834
14,Jalisco,050,Jocotepec,0.0011,0.0011,0,0.0113,0.0199,0,0
14,Jalisco,051,Juanacatlán,0.0597,0.0389,1.074,0.0093,0.0998,0.0005,0.0014
14,Jalisco,052,Juchitlán,0,0,0,0,0,0,0
14,Jalisco,053,Lagos de Moreno,29.02795684,18.95373684,517.0975254,7.187158786,52.64258031,1.688942,0.8166
14,Jalisco,055,Magdalena,6.1151,3.9823,109.9736,0.9289,10.1669,0.0519,0.1487
14,Jalisco,057,La Manzanilla de la Paz,0,0,0,0,0,0,0
14,Jalisco,059,Mazamitla,0.9454,0.6157,17.0034,0.1428,1.5686,0.008,0.0228
14,Jalisco,060,Mexticacán,0,0,0,0,0,0,0
14,Jalisco,063,Ocotlán,1.6248,1.0594,28.989,0.3703,2.953,91.664727,0.0431
14,Jalisco,064,Ojuelos de Jalisco,0.1872,0.0468,1.0633,0.936,3.744,0.0374,0.1498
14,Jalisco,065,Pihuamo,0.3168,0.0792,1.7994,1.584,6.336,0.0634,0.2534
14,Jalisco,066,Poncitlán,21.29656845,16.91021275,91.64714535,80.49811032,174.6828888,9.627803852,5.4657768
14,Jalisco,067,Puerto Vallarta,0.1611,0.1043,2.8741,0.0554,0.801,0.0041,0.0053
14,Jalisco,070,El Salto,99.14093679,84.64634013,52.74877946,116.4039051,210.1370578,1913.932808,4.727066574
14,Jalisco,072,San Diego de Alejandría,0.0053,0.0046,0.0053,0.0519,0.1015,0.0002,0.0007
14,Jalisco,073,San Juan de los Lagos,1.96223616,1.27911616,35.22480184,0.334928,3.31954,0.17464,0.0474
14,Jalisco,074,San Julián,0.015,0.0038,0.0852,0.075,0.3,0.003,0.012
14,Jalisco,076,San Martín de Bolaños,0,0,0,0,0,0,0
14,Jalisco,078,San Miguel el Alto,5.4406,3.5106,96.7104,1.2894,10.6878,0.0625,0.1981
14,Jalisco,079,Gómez Farías,0.0001,0,0.0005,0.0005,0.0019,0,0.0001
14,Jalisco,082,Sayula,0.0018,0.0005,0.0102,0.0092,0.0364,0.0004,0.0014
14,Jalisco,083,Tala,4749.763436,2711.492264,146.19268,772.3571055,476.4893898,0.071964,0.20884
14,Jalisco,085,Tamazula de Gordiano,2234.2212,1275.1409,0,363.288,217.9728,0,0
14,Jalisco,086,Tapalpa,8.385,7.05582,0.0002,0.0002,0.0007,0,0
14,Jalisco,087,Tecalitlán,0,0,0,0,0,0,0
14,Jalisco,088,Tecolotlán,20.12069403,12.4746823,1995.5526,8.9789,314.1977,1.0474,0.0003
14,Jalisco,091,Teocaltiche,0.0199,0.013,0.358,0.003,0.033,0.0002,0.0005
14,Jalisco,093,Tepatitlán de Morelos,112.4121441,73.25100333,2015.584668,20.35874515,193.0890489,84.88748237,2.83464105
14,Jalisco,094,Tequila,61.7887,40.325,1103.6011,9.2865,101.848,0.5185,1.4829
14,Jalisco,095,Teuchitlán,0.0347,0.0087,0.197,0.1734,0.6938,0.0069,0.0278
14,Jalisco,097,Tlajomulco de Zúñiga,45.28959429,31.24474753,531.3255298,73.9494293,139.7313059,21.02897495,3.489483606
14,Jalisco,098,San Pedro Tlaquepaque,52.40728219,33.78851351,517.4125327,71.85564594,181.2224775,162.8335412,0.9552088
14,Jalisco,099,Tolimán,5.05272E-05,5.05272E-05,2.62195E-08,0.000536681,0.000942264,0,0
14,Jalisco,100,Tomatlán,0.0017,0.0004,0.0097,0.0086,0.0343,0.0003,0.0014
14,Jalisco,101,Tonalá,2.235987583,1.52347728,67.98762713,3.301184582,10.62459073,0.135953514,0.176652896
14,Jalisco,102,Tonaya,0.0042,0.0036,0,0.0009,0.0017,0,0
14,Jalisco,105,Tototlán,8.8436,5.7581,158.9944,1.3639,14.7698,0.0756,0.2175
14,Jalisco,106,Tuxcacuesco,0,0,0,0,0,0,0
14,Jalisco,107,Tuxcueca,0.0031,0.0008,0.0174,0.0153,0.0612,0.0006,0.0024
14,Jalisco,108,Tuxpan,228.3277621,213.9353797,68.2106,63.4449,81.5324,111.5806,2.5128
14,Jalisco,109,Unión de San Antonio,22.56944681,14.71881011,404.1659565,4.38779804,39.2782962,0.195433288,0.56224368
14,Jalisco,111,Valle de Guadalupe,0.2755,0.1647,4.5029,0.2194,1.1275,0.0094,0.035
14,Jalisco,113,San Gabriel,1.0927,0.7124,19.6162,0.187,1.8481,0.0092,0.0263
14,Jalisco,114,Villa Corona,0.3148,0.2033,5.6087,0.0689,0.6021,0.0035,0.011
14,Jalisco,116,Villa Hidalgo,0.0001,0.0001,0,0.0007,0.0012,0,0
14,Jalisco,117,Cañadas de Obregón,0.0027,0.0007,0.0151,0.0133,0.0532,0.0005,0.0021
14,Jalisco,119,Zacoalco de Torres,0,0,0,0,0,0,0
14,Jalisco,120,Zapopan,54.62980665,37.07734143,145.836392,235.9491342,998.9687312,847.2563902,4.22772
14,Jalisco,121,Zapotiltic,44.2097099,27.39752414,721.89389,34.4835,1211.1835,3.9324,0.0173
14,Jalisco,123,Zapotlán del Rey,0,0,0,0,0,0,0
14,Jalisco,124,Zapotlanejo,52.8526,34.3383,947.4849,9.282,92.1904,0.4902,1.4535
14,Jalisco,125,San Ignacio Cerro Gordo,1.3941,0.9083,25.0572,0.2208,2.3289,0.0118,0.0336
15,México,002,Acolman,532.7280659,532.5379494,13.38237641,1435.085146,4482.307108,394.8118711,39.64739976
15,México,003,Aculco,0.065341603,0.059403206,0.001858484,0.257554956,1.513668864,0,0.000343917
15,México,005,Almoloya de Juárez,59.5339,41.8033,1227.769,10.3084,100.8477,1.3219,1.6502
15,México,009,Amecameca,0.680969585,0.481205085,0.173330958,0.550047275,2.690439298,0,0.03256773
15,México,010,Apaxco,31.72438917,19.79390035,12.93586668,158.7807245,638.7504795,4.3158,0.763
15,México,012,Atizapán,0,0,0,0,0,0,0
15,México,013,Atizapán de Zaragoza,19.61472494,13.89736744,1.273318138,32.40816644,38.51711803,214.3090372,0.614988732
15,México,014,Atlacomulco,1.708562216,1.528622316,0.771005915,22.2310336,23.05330412,111.9255464,0.628396469
15,México,017,Ayapango,0.0687049,0.0204014,6.7392E-07,0.006048,0.03564,0,0
15,México,019,Capulhuac,0.072834184,0.072602794,0.005121862,0.731446318,1.267917312,0.0348,0.020546996
15,México,020,Coacalco de Berriozábal,0.489992528,0.457582764,0.224741271,31.43706017,14.50046461,27.90135854,0.154773407
15,México,023,Coyotepec,0.730505412,0.547154912,0.000500257,0.057006707,0.079093096,0.0037,0.0021
15,México,024,Cuautitlán,111.3471348,74.54140419,1.759108384,232.8449297,116.5817547,117.3068148,1.335954108
15,México,025,Chalco,4.32686672,3.171811361,3.865375919,1.690450285,4.81627176,4.1646158,0.07169181
15,México,026,Chapa de Mota,2.38808996,1.71556996,0.021932187,0.499764576,2.89643268,0,0.004111796
15,México,029,Chicoloapan,0.193957756,0.134027785,0.1754461,0.29900096,1.0709928,0,0.032971224
15,México,031,Chimalhuacán,0,0,0,0.0003,0.0006,0,0
15,México,033,Ecatepec de Morelos,175.7189401,119.4427778,15.03290105,1197.822499,647.1015485,580.2313001,13.56740425
15,México,035,Huehuetoca,3.462236845,2.75555518,0.064278751,9.787105589,12.7655249,168.9142738,0.343835475
15,México,036,Hueypoxtla,0.0172,0.0044,0.0976,0.0858,0.3433,0.0036,0.0136
15,México,037,Huixquilucan,0.084831353,0.060589433,0.004476197,0.487915788,0.96874462,0.039467667,0.000019214
15,México,039,Ixtapaluca,11.82034559,7.838151909,3.525435042,33.35354695,50.2346244,1.505192155,1.430032076
15,México,042,Ixtlahuaca,0.247725384,0.161953224,0.483540209,1.603507296,5.84315228,0,0.090863006
15,México,045,Jilotepec,0.746532,0.746532,0.033805504,4.748600909,5.728716384,0.30986736,0.180885071
15,México,048,Jocotitlán,7.233563279,5.647348336,0.269987967,37.8848585,45.4292889,3.901200858,1.444676676
15,México,051,Lerma,203.9047369,148.2890298,1.707043044,156.2823009,245.1514454,2044.408614,4.677115413
15,México,053,Melchor Ocampo,3.642306038,2.665589838,0.225165504,31.52317056,12.00882688,120.2064017,0.120486999
15,México,054,Metepec,0.370838462,0.329409259,0.04134027,2.091628049,6.45086808,1.45929265,0.052353324
15,México,056,Morelos,1.394294,1.008241,0.002598637,0.3856368,2.266824,0,0.00048035
15,México,057,Naucalpan de Juárez,93.87095836,76.43690009,6.776401188,633.694015,372.416598,1167.5671,4.230615925
15,México,058,Nezahualcóyotl,2.222259007,2.213178405,1.417363751,195.0884086,87.59036564,51.90512156,0.741768026
15,México,059,Nextlalpan,0.028608,0.028608,1.63538E-05,0.1717648,0.908764,0,0
15,México,060,Nicolás Romero,0.72372824,0.43412888,0.57924756,13.02345111,7.559807655,93.40478723,0.147599014
15,México,062,Ocoyoacac,2.19825941,1.883909167,0.426753284,15.1149543,19.97750248,98.56194415,0.533640755
15,México,070,La Paz,250.1797294,197.4331942,4.563381787,22.7800575,59.50223215,109.3202277,0.090534039
15,México,071,Polotitlán,0.0244386,0.0244386,1.52497E-05,0.13685616,0.8064738,0,0
15,México,072,Rayón,0.15330124,0.10142624,0.194307765,0.692554944,3.64955592,0,0.0365066
15,México,073,San Antonio la Isla,0.146662452,0.042637653,0.190082092,0.241347492,0.9999324,0,0.035721814
15,México,075,San Martín de las Pirámides,2.729761315,1.508125558,0,0,0,12,0
15,México,076,San Mateo Atenco,0.022635984,0.006871404,0.089543823,0.114149846,0.473734752,39.539,0.016827813
15,México,079,Soyaniquilpan de Juárez,0.165548092,0.160937222,9.34128E-05,0.838319731,4.940098416,0,0
15,México,081,Tecámac,2.088514729,1.772287048,0.637422166,57.81611576,28.9068249,143.7489441,0.440985163
15,México,086,Temascaltepec,0.0039,0.001,0.0223,0.0197,0.0787,0.0008,0.0031
15,México,088,Tenancingo,0.0006,0.0006,0,0.0066,0.0116,0,0
15,México,090,Tenango del Valle,0.0715,0.0541,0.132,0.6301,1.3666,0.0259,0.0185
15,México,091,Teoloyucan,7.57769074,5.375708507,0.006592598,0.0729134,0.415037856,0.0002397,0.001237584
15,México,092,Teotihuacán,15.40746377,6.030118522,0.17880744,25.11242362,30.2749424,1.638985832,0.956757979
15,México,093,Tepetlaoxtoc,1.6441,1.6441,0.1298,18.1714,21.6327,1.1898,0.6945
15,México,095,Tepotzotlán,31.20070593,23.45599324,0.902880683,125.6330768,84.19108111,1168.521579,1.857350198
15,México,099,Texcoco,7.845336836,5.690644023,1.87584377,99.39765801,66.30604822,24.56037046,0.393006575
15,México,100,Tezoyuca,0.0032,0.0032,0,0.0344,0.0604,0.0000172,0
15,México,101,Tianguistenco,0.295368641,0.254142541,0.211825521,49.33892956,2.815747917,398.4690051,0.107375564
15,México,103,Tlalmanalco,0.00001152,0.00001152,7.18848E-09,0.000064512,0.00038016,0,0
15,México,104,Tlalnepantla de Baz,247.8078589,190.9375983,452.5137752,1311.33759,1709.087386,1106.684599,14.45718599
15,México,106,Toluca,286.2636421,249.4846511,2.148692305,240.9298937,1311.969231,902.0639745,7.287522849
15,México,108,Tultepec,1.6652848,1.23489358,0.085883972,0.12208896,0.5286528,3.8174526,0.01613976
15,México,109,Tultitlán,161.3984463,127.6856304,3.114351945,376.8328143,322.630558,873.3472332,7.141340532
15,México,116,Zacazonapan,222.042625,159.9799706,0.0024,0.0081,0.0373,0.0024,0
15,México,118,Zinacantepec,0.2605858,0.172236691,0.531745729,5.803007856,7.39610112,0.085861776,0.111478797
15,México,120,Zumpango,0.14698142,0.061864655,3.805992994,0.0420051,0.3906204,0.002208204,0.006632816
15,México,121,Cuautitlán Izcalli,233.6187287,198.9570267,32.5801834,4335.785035,1701.783821,449.3958398,17.28510699
15,México,122,Valle de Chalco Solidaridad,0.277683596,0.073426742,0.7391952,0.8722,3.4786,0,0.13891722
16,Michoacán de Ocampo,003,Álvaro Obregón,0.00002952,0.00002952,1.72692E-08,0.0002,0.001,1.70833E-05,0
16,Michoacán de Ocampo,006,Apatzingán,85.9625,55.9543,1542.2784,14.888,146.8891,0.8326,2.2489
16,Michoacán de Ocampo,008,Aquila,7.4546,0.559095,0,0,0,0,0
16,Michoacán de Ocampo,022,Charo,0.597,0.3889,10.7388,0.09,0.99,0.005,0.0144
16,Michoacán de Ocampo,035,La Huacana,136.0199527,101.9919792,0,0,0,0,0
16,Michoacán de Ocampo,038,Huetamo,0.099931582,0.060509031,0,0,0,0,0
16,Michoacán de Ocampo,040,Indaparapeo,19.621,18.244,2.606,49.532,4.961,0.801108,0
16,Michoacán de Ocampo,043,Jacona,0.06192016,0.01982016,0.319203471,0.3134,1.315,0.014611667,0.045
16,Michoacán de Ocampo,045,Jiquilpan,2.0261,0.8465,13.1686,0.1104,1.214,0.0063,0.0176
16,Michoacán de Ocampo,047,Jungapeo,176.101105,104.7656077,303.442975,90.445,126.623,0,0
16,Michoacán de Ocampo,050,Maravatío,0.0001,0.0001,3.9744E-08,0.0004,0.0022,0.0001,0
16,Michoacán de Ocampo,051,Marcos Castellanos,0.025,0.0147,0.078406692,0.1315,0.644,0.1092,0.011
16,Michoacán de Ocampo,052,Lázaro Cárdenas,2572.08667,1776.192988,17595.10462,4631.184524,13221.66972,327.7121171,175.8057
16,Michoacán de Ocampo,053,Morelia,195.5728288,146.2935605,616.4053075,99.31897278,215.2106438,12.28818127,4.301617101
16,Michoacán de Ocampo,058,Nuevo Parangaricutiro,0.27472,1.949820789,0,0,0,0,0
16,Michoacán de Ocampo,069,La Piedad,1.7255,1.1108,30.3094014,0.5739,3.8671,0.024,0.0742
16,Michoacán de Ocampo,070,Purépero,0.0321,0.0321,1.92672E-05,0.1798,1.0598,1.3217,0
16,Michoacán de Ocampo,076,Sahuayo,0.0001,0.0001,6.5664E-08,0.0006,0.0036,0.0001,0
16,Michoacán de Ocampo,079,Salvador Escalante,0,0,0,0,0,0,0
16,Michoacán de Ocampo,082,Tacámbaro,680.559,388.4166,0,110.66,66.396,0,0
16,Michoacán de Ocampo,085,Tangancícuaro,0.0068,0.004,0.021301849,0.0359,0.1766,0.0024,0.003
16,Michoacán de Ocampo,087,Taretan,467.2178,266.7266,15.7502,75.96,46.9488,0.0074,0.0211
16,Michoacán de Ocampo,088,Tarímbaro,9.834186,8.127342,2.4846,0.1458,4.0962,36.71145781,0.0233
16,Michoacán de Ocampo,091,Tingüindín,0.089,0.0223,0.5057,0.4452,1.7808,0.0178,0.0713
16,Michoacán de Ocampo,095,Tocumbo,1263.6713,721.2173,0,205.475,123.285,0,0
16,Michoacán de Ocampo,102,Uruapan,40.1816358,29.97762417,188.2592001,21.7421,82.2521,21.4080265,0.4941
16,Michoacán de Ocampo,103,Venustiano Carranza,0.0017,0.0004,0.0096,0.0085,0.0339,0.0003,0.0014
16,Michoacán de Ocampo,107,Zacapu,8.2017119,6.23341142,428.0564425,26.2666,70.992,110.0492,1.4196
16,Michoacán de Ocampo,108,Zamora,3.870906,2.4579645,37.70311194,1.4661,8.2176,20.13685765,0.2171
16,Michoacán de Ocampo,112,Zitácuaro,68.621948,50.830435,2.511305789,69.8199,62.0913,1.6637,0.346
17,Morelos,004,Ayala,112.106244,109.146423,0.9135,3.7039,1895.5075,9.967693,0.01
17,Morelos,006,Cuautla,948.0945099,543.6892453,0.5006,154.0668,309.4532,15.12575464,0.0705
17,Morelos,007,Cuernavaca,5.835816673,4.4426444,48.6087,18.9594,27.6316,344.1787279,0.818
17,Morelos,008,Emiliano Zapata,97.21557953,59.38876693,110.1417316,2620.327581,6305.975545,7.77245,0.2058
17,Morelos,011,Jiutepec,121.8301752,88.95671073,216.1104,98.8893,145.0275,113.3466638,3.8936
17,Morelos,017,Puente de Ixtla,3.119,1.270706,0.0109,0.0096,0.0384,0.0004,0.0015
17,Morelos,024,Tlaltizapán de Zapata,0.0009,0.0009,0,0.0097,0.0171,0,0
17,Morelos,026,Tlayacapan,0,0,0,0,0,0,0
17,Morelos,028,Xochitepec,0.0132,0.00165,0.0124,0.0404,0.1884,0.012,0
17,Morelos,029,Yautepec,1.779974525,0.297510028,0,0,0,0,0
17,Morelos,030,Yecapixtla,20.0712684,14.2828564,0.0868,12.1717,14.4901,0.797,0.4652
17,Morelos,031,Zacatepec,68.93408866,40.21155172,8.886,289.042,364.504,0,0
18,Nayarit,001,Acaponeta,49.086939,14.193554,3.6372,6.1433,15.77592,0.3213,0.6227
18,Nayarit,002,Ahuacatlán,20.762936,19.705949,0.4545,1.2177,5.5406,0.3323,0.0169
18,Nayarit,008,Xalisco,19.845016,19.135069,0.0108,0.0495,0.1085,0.0004,0.0015
18,Nayarit,011,Ruíz,15.408844,14.846546,0.0962,0.1191,0.399,0.0034,0.0135
18,Nayarit,014,Santa María del Oro,9.31252758,6.26292896,0,0,0,0,0
18,Nayarit,017,Tepic,3279.69326,1860.356806,139.8084,827.3723,522.388,14.37289533,0.1987
18,Nayarit,020,Bahía de Banderas,25.17701,16.06124,0.1381,0.1858,0.5991,0.0048,0.0195
19,Nuevo León,001,Abasolo,0.3329026,0.2510893,0,0.5494,0.9645,0.0238,0
19,Nuevo León,002,Agualeguas,0,0,0,0,0,1.28805,0
19,Nuevo León,006,Apodaca,210.0736515,184.8319424,10.01195826,1141.499382,1386.47431,2060.773521,43.35797094
19,Nuevo León,009,Cadereyta Jiménez,919.4032352,513.3176309,8627.938728,17276.1254,2080.9327,1155.299068,57.3314128
19,Nuevo León,010,El Carmen,15.61836417,13.5888724,0.57712624,80.8141736,112.12334,39.4945472,3.088928641
19,Nuevo León,012,Ciénega de Flores,64.20645076,56.0266483,0.620828878,108.6727392,168.5917222,429.6962921,3.292108318
19,Nuevo León,016,Doctor González,0.1435,0.1435,0.0113,1.5864,1.8886,0.1039,0.0607
19,Nuevo León,018,García,2142.376272,1524.210816,78.60447411,1144.853925,3576.560057,398.4919505,23.56529187
19,Nuevo León,019,San Pedro Garza García,130.5426761,98.33188587,44.28374352,104.83,178.5156,96.106812,3.5489
19,Nuevo León,021,General Escobedo,267.8205231,182.1280142,129.1159608,82.89448267,283.3725081,728.7723024,1.420429781
19,Nuevo León,026,Guadalupe,53.92743452,23.64569279,14.5062,41.3717,56.6631,644.5654227,1.5637
19,Nuevo León,031,Juárez,91.8777042,67.4201121,0.6889,96.3961,92.880399,12.921696,3.6839
19,Nuevo León,032,Lampazos de Naranjo,280.5161815,170.2719777,118.5866,2.9635,14.3904,0.1409,0.159
19,Nuevo León,033,Linares,4.290518189,2.198479589,0.9529,12.001,30.0871,8.51217,0
19,Nuevo León,037,Mina,0,0,0,0,0,0,0
19,Nuevo León,038,Montemorelos,1.4267046,0.9757003,18.3796,1.0433,2.9653,0.230266,0.046
19,Nuevo León,039,Monterrey,531.6955757,419.1168205,736.2087817,2924.719045,13169.8345,998.1045467,25.39932073
19,Nuevo León,041,Pesquería,2090.003989,2086.99703,29.6975153,3427.085098,6522.11951,95.90546,7.6384
19,Nuevo León,044,Sabinas Hidalgo,16.948988,12.970915,195.7984,1.7742,18.8203,6.453514,0.2596
19,Nuevo León,045,Salinas Victoria,9.9003708,9.4170394,0.45942256,309.6395,872.90866,123.121753,0.0241
19,Nuevo León,046,San Nicolás de los Garza,1220.153612,764.2025056,6671.360487,710.1647289,2279.953639,519.1199499,19.2957615
19,Nuevo León,047,Hidalgo,0.6241,0.386942,0,0,0,0,0
19,Nuevo León,048,Santa Catarina,1738.887669,1077.16154,0.832372788,83.10309035,101.996398,936.9804375,3.190631101
20,Oaxaca,002,Acatlán de Pérez Figueroa,2027.1373,1156.9515,2.00166,329.6158,197.7695,0,0
20,Oaxaca,010,El Barrio de la Soledad,313.8875943,178.8853267,553.6097048,118.4530353,932.2261818,3.1424,0.1104
20,Oaxaca,021,Cosolapa,783.9001493,447.396674,0.774048,127.4634827,76.47809737,0,0
20,Oaxaca,044,Loma Bonita,0.8876,0.5781,16.0885,0.122,1.3419,0.0068,0.0195
20,Oaxaca,067,Oaxaca de Juárez,13.6875,9.861844,0,0,0,0,0
20,Oaxaca,079,Salina Cruz,3261.11787,1993.002447,98949.6687,960.2457,4239.2214,946.9568114,80.6588
20,Oaxaca,157,San Jacinto Amilpas,0.0998,0.022,0.4989,0.5671,1.9813,0.0176,0.0702
20,Oaxaca,184,San Juan Bautista Tuxtepec,215.9212394,131.6774582,37.21218296,1138.80662,1118.35261,8.1056,5.0794
20,Oaxaca,293,San Pablo Etla,1.535623,1.062757,0,0,0,0,0
20,Oaxaca,333,San Pedro Totolápam,45.2732,5.2881625,42.2905,138.4827,643.4127,41.488,0
20,Oaxaca,334,Villa de Tututepec,0.1563,0.03905,0.8856,0.7796,3.1186,0.0312,0.1248
20,Oaxaca,338,Villa de Etla,0.0056,0.0014,0.0448,0.0279,0.1116,0.0011,0.0044
20,Oaxaca,390,Santa Lucía del Camino,0.47903856,0.44540496,0.04095,7.4256,0.819,0,0
20,Oaxaca,409,Santa María del Tule,0.0205,0.0205,0,0.2175,0.3819,23.08345301,0
20,Oaxaca,413,Santa María Huatulco,0.0271,0.0078,1.0584E-07,0.001,0.0058,0.0001,0
20,Oaxaca,551,Tlacolula de Matamoros,0.9601824,0.2400456,0.089644,4.800912,19.203648,0.1920565,0.7681259
20,Oaxaca,553,Tlalixtac de Cabrera,0.0052,0,0,0.0556,0.0975,0,0
21,Puebla,001,Acajete,136.727152,84.76450824,3776.0569,34.5873,267.0772,2.7841,0.9431
21,Puebla,015,Amozoc,42.52973972,31.49219091,376.008375,3.8860386,38.5851544,7.659234025,0.5378
21,Puebla,019,Atlixco,0.3365,0.3365,0.0002,1.8839,11.1013,0.1906,0
21,Puebla,021,Atzala,0.0017,0.0017,0,0.0093,0.0546,0.0009,0
21,Puebla,034,Coronango,0.731763768,0.608515224,0.0268,3.7699,4.4889,51.3296,0.144
21,Puebla,035,Coxcatlán,0,0,0,0,0,0,0
21,Puebla,040,Cuautinchán,128.8342074,79.87720861,1142.247635,59.5553,1708.6475,6.9716,0.2136
21,Puebla,041,Cuautlancingo,563.0765733,538.1181107,6.843925274,796.8393383,1222.842626,937.2263036,2.203522556
21,Puebla,051,Chietla,2047.907,1168.8054,0,332.993,199.7958,0,0
21,Puebla,054,Chignautla,0.0937,0.0937,0,0.5247,3.0924,0.0529,0
21,Puebla,071,Huauchinango,1.665047375,0.274491061,0.0608,0.0711,1.3236,0.0032,0
21,Puebla,074,Huejotzingo,28.11133389,22.83965749,151.9796,521.8794,3579.5627,145.860604,1.1036
21,Puebla,076,Hueytamalco,0.0127,0.0127,0,0.071,0.4185,0.0072,0
21,Puebla,085,Izúcar de Matamoros,10.10272556,6.809010704,44.46,0.1415,2.8377,0.014,0
21,Puebla,104,Nopalucan,26.7164,17.4027,480.1881,4.1121,44.7563,0.2333,0.6467
21,Puebla,109,Pahuatlán,0.4409,0.4409,0.0347,4.8724,5.8005,0.319,0.1862
21,Puebla,110,Palmar de Bravo,20.14930214,12.52137732,1167.208995,633.6355213,1445.10959,6.1771,0.3103
21,Puebla,114,Puebla,124.4146717,82.80627771,440.2668795,146.6647768,405.3150906,146.9208186,5.246606531
21,Puebla,115,Quecholac,0.68678998,0.63622739,0.0404,5.669,6.7487,0.3712,0.2166
21,Puebla,117,Rafael Lara Grajales,35.0722,22.8509,630.3087,5.4548,59.0785,0.3119,0.8493
21,Puebla,119,San Andrés Cholula,1.553507,1.149741,14.0921,4.4874,6.9402,0.296,0.1822
21,Puebla,128,San José Chiapa,0.7158,0.7158,0.0565,7.9112,9.4181,139.118,0.3024
21,Puebla,132,San Martín Texmelucan,24.2835,22.1369,112.0086,434.3912,2515.5459,308.2362,4.4054
21,Puebla,134,San Matías Tlalancaleca,0.3503,0.2281,6.3001,0.0528,0.5808,0.003,0.0085
21,Puebla,136,San Miguel Xoxtla,131.2181,103.3521,20.39055,223.8819,282.185458,42.063052,8.5572
21,Puebla,140,San Pedro Cholula,1.847125828,1.199325828,30.48493888,1.474843365,6.60091353,0.091389744,0.132242013
21,Puebla,143,San Salvador el Verde,0.0059,0.0015,0.0334,0.0294,0.1175,0.0012,0.0047
21,Puebla,144,San Salvador Huixcolotla,27.5112,17.9187,494.8439,4.5596,45.6192,0.2553,0.664
21,Puebla,149,Santiago Miahuatlán,0.1791,0.0999,0.5998,0.9398,4.5388,11.0758054,0.0845
21,Puebla,153,Tecali de Herrera,11.07215589,3.924787709,38.7241,0.3245,3.5699,0.0182,0.0519
21,Puebla,156,Tehuacán,7.1095,4.6426,96.4694,1.3669,12.0706,0.0872,0.178
21,Puebla,161,Tepanco de López,0.0148,0.0148,0,0.083,0.4892,0.0084632,0
21,Puebla,164,Tepeaca,2.417812259,1.513320218,156.7215,0.423,9.87,0.0494,0
21,Puebla,174,Teziutlán,151.1904426,112.6494723,0.1478,4.877,15.1175,0.3842632,0.1273
21,Puebla,180,Tlahuapan,0.24091996,0.21005088,0.0073,0.9725,2.8335,0.11976,0.0239
21,Puebla,186,Tlatlauquitepec,0.2765,0.177,4.8774,0.0796,0.602,0.0038,0.0128
21,Puebla,197,Xicotepec,0.0004,0.0004,0,0.004,0.0068,0,0
22,Querétaro,004,Cadereyta de Montes,149.4834027,106.5889516,896.0513,2.4185,56.4315,0.2822,0
22,Querétaro,005,Colón,3.719293954,3.585757604,0.137689974,12.04739527,14.46304984,34.74761939,0.429547908
22,Querétaro,006,Corregidora,8.501683068,4.278798174,10.5556,23.5206,68.7814,22.559626,0.3774
22,Querétaro,007,Ezequiel Montes,2.8636,0.705508,0.0047,0.6544,0.7791,0.0428,0.025
22,Querétaro,008,Huimilpan,2.895016,1.72083,0,0,0,0,0
22,Querétaro,011,El Marqués,112.9845429,58.80578959,56.04686849,110.7999948,1632.644195,1739.672739,4.036508071
22,Querétaro,012,Pedro Escobedo,506.5111022,506.440452,7.485900442,803.8813019,1260.80046,20.8372,0.3799
22,Querétaro,014,Querétaro,141.0470671,113.3481413,3.077109007,371.6762126,600.2646981,1667.691974,11.193458
22,Querétaro,016,San Juan del Río,171.9300146,112.3239893,999.4578037,422.1531771,1004.99054,1229.559577,17.10465468
22,Querétaro,017,Tequisquiapan,0,0,0,0,0,0,0
22,Querétaro,018,Tolimán,24.33861778,14.89063898,0,0,0,0,0
23,Quintana Roo,001,Cozumel,5.151483478,1.365358478,3.676768696,5.906631652,74.97192174,0.919880937,0
23,Quintana Roo,003,Isla Mujeres,0.211983067,0.211983067,0.197529676,0.643657676,2.987034126,0.197635668,0
23,Quintana Roo,004,Othón P. Blanco,2095.923295,1193.843049,19.371172,4.2306,281.8228507,9.21460844,0.0098
23,Quintana Roo,005,Benito Juárez,48.48481825,27.81859613,37.69253292,69.3057936,539.9204026,16.96954407,0.125
23,Quintana Roo,007,Lázaro Cárdenas,15.6896,1.9612,14.656,47.9917,222.9767,14.3778,0
23,Quintana Roo,008,Solidaridad,21.42908785,17.91631085,8.480465948,27.63390855,128.2411924,8.485016442,0
24,San Luis Potosí,008,Cerritos,25.677466,15.92002892,39.34760312,1750.168529,6674.619756,7.1051,0.0473
24,San Luis Potosí,009,Cerro de San Pedro,96.63477,69.625352,0,0,0,0,0
24,San Luis Potosí,013,Ciudad Valles,4698.788659,2687.054875,340.34553,756.4495369,542.9446224,16.8197,0.6111
24,San Luis Potosí,015,Charcas,1.956,1.387,0,0,0,0,0
24,San Luis Potosí,018,Huehuetlán,38.5215,25.0901,692.8881,5.807,63.8768,0.3251,0.9292
24,San Luis Potosí,020,Matehuala,0,0,0,0,0,5.72043204,0
24,San Luis Potosí,028,San Luis Potosí,528.6164669,375.8168165,560.1149755,574.6919227,1863.835951,1706.146942,17.07687627
24,San Luis Potosí,035,Soledad de Graciano Sánchez,54.558366,34.3205865,829.6845,12.6109,84.8305,5.365231,1.3686
24,San Luis Potosí,036,Tamasopo,967.2918,550.989,0,313.955,188.373,0,0
24,San Luis Potosí,037,Tamazunchale,1143.5451,1143.538013,15.6037,1791.906,6991.5551,45.9132,0.0163
24,San Luis Potosí,040,Tamuín,168.936693,103.8876014,16350.00059,1066.771286,2583.488829,39.1956,0.2874
24,San Luis Potosí,048,Villa de la Paz,205.8462,148.312187,0,0,0,0,0
24,San Luis Potosí,050,Villa de Reyes,2053.551612,1495.009764,42374.296,361.0966,2383.9081,880.674155,57.1625
24,San Luis Potosí,055,Zaragoza,4.028228919,2.49750193,3245.9324,12.81553433,306.6333,1.0221,0
24,San Luis Potosí,058,El Naranjo,3429.6336,1957.4006,0,557.664,334.5984,0,0
25,Sinaloa,001,Ahome,288.8149227,206.5305343,5983.633414,79.79182209,545.9463646,87.95100223,8.765291864
25,Sinaloa,006,Culiacán,560.6999,314.4877525,1440.675793,91.6372,250.0712,206.9334173,2.2417
25,Sinaloa,009,Escuinapa,0.0021,0.0021,1.25194E-06,0.0117,0.0689,0.0012,0
25,Sinaloa,010,El Fuerte,7.5881,4.9423,136.4873,1.1439,12.5826,0.0644,0.1832
25,Sinaloa,011,Guasave,99.074,64.5295,1782.0359,14.9373,164.2979,0.8409,2.3914
25,Sinaloa,012,Mazatlán,181.7668251,117.7359876,46196.49504,393.4454,3123.9507,112.8182513,62.5897
25,Sinaloa,013,Mocorito,0.009404639,0.009404639,4.88025E-06,0.09989252,0.175383814,0,0
25,Sinaloa,014,Rosario,11.973,7.8083,214.7858104,2.0474,20.6542,0.1114,0.2896
25,Sinaloa,015,Salvador Alvarado,0,0,0,0,0,33.09100674,0
25,Sinaloa,018,Navolato,0,0,0,0,0,0,0
26,Sonora,002,Agua Prieta,530.8366666,502.7366521,6.8314,789.9922,1006.05248,22.59166,1.2558
26,Sonora,003,Alamos,0.2334534,0.20598891,0.208099879,2.27379372,4.403076,0.007323864,0.029295456
26,Sonora,004,Altar,0.101651136,0.101651136,5.27487E-05,1.079699904,1.89565632,0,0
26,Sonora,017,Caborca,2.17983865,0.36045115,1.397752171,2.703283494,32.31930995,8.3997,0
26,Sonora,018,Cajeme,12.97161188,5.35681768,60.7107,6.7933,15.7419,19.30663088,0.1461
26,Sonora,019,Cananea,0.343508082,0.16617093,1.303529252,2.179566696,5.810470176,2.101374078,0.221585905
26,Sonora,021,La Colorada,494.9992895,296.9856715,138.88782,44.7227,1552.9729,5.2305,0.0761
26,Sonora,022,Cucurpe,0.02791728,0.00697932,0.15857015,0.1395864,0.5583456,0.005583456,0.022333824
26,Sonora,023,Cumpas,0,0,0,0,0,3.153,0
26,Sonora,025,Empalme,0,0,0,0,0,0.3188,0
26,Sonora,029,Guaymas,647.636296,455.9839321,13412.1231,113.6837,956.6473,26.38063414,17.995
26,Sonora,030,Hermosillo,356.5814504,308.0500918,2674.461981,571.4515306,1034.58107,1358.544297,0.8113
26,Sonora,033,Huatabampo,5.2579,3.392375,93.5035,0.992,9.545,0.0987,0.1284
26,Sonora,036,Magdalena,3.21735,1.5813,6.2187,6.0784,22.9579,6.953266114,0.8759
26,Sonora,041,Nacozari de García,82.03230803,82.00520828,6.673107059,906.4238945,1080.005497,59.29571557,34.63856184
26,Sonora,042,Navojoa,73.9378495,48.60270534,1135.3857,13.2544,96.7484,346.9471866,1.6602
26,Sonora,043,Nogales,7.74157356,5.06832668,0.0551,5.44402188,8.2395,364.4944577,0.125
26,Sonora,047,Pitiquito,91.6199,91.5813,7.5212,289.4205,2049.4754,66.909576,38.7243
26,Sonora,051,Rosario,0,0,0,0,0,0,0
26,Sonora,052,Sahuaripa,84.9127,10.685925,79.242,260.3556,1207.1274,77.7381,0
26,Sonora,055,San Luis Río Colorado,1.997194887,1.488636096,0,0.4102,0.7199,173.4707411,0
26,Sonora,058,Santa Ana,3.018338,1.832312,0,0.1265,0.2221,0.4352,0
26,Sonora,059,Santa Cruz,0.204491424,0.051122856,1.161511288,1.02245712,4.08982848,0.040898285,0.163593139
26,Sonora,070,General Plutarco Elías Calles,0.0042,0.0031,0,0.0029,0.0052,0,0
27,Tabasco,002,Cárdenas,3257.4418,1865.4938,8.7284,709.2343,552.453,11.80047694,7.772
27,Tabasco,003,Centla,0.2624,0.2624,0.0208,2.9,3.4524,0.19,0.111
27,Tabasco,004,Centro,496.2500276,422.2057045,10.91159558,950.3797818,2973.829464,82.46434912,16.39592074
27,Tabasco,005,Comalcalco,5.4147,5.4147,0.4275,59.8456,71.2448,3.9183,2.2875
27,Tabasco,006,Cunduacán,36.1799,36.1799,2.8562,399.8824,476.1123,26.1827,15.2844
27,Tabasco,008,Huimanguillo,82.0698,82.0389,3.9898,511.754,931.2169,30.9012,17.0915
27,Tabasco,009,Jalapa,39.0826,22.9538,0.1192,22.7971,23.532,1.0926,0.6379
27,Tabasco,010,Jalpa de Méndez,106.6086,106.6086,2.6705,343.7348,789.53934,17.0117,7.8699
27,Tabasco,011,Jonuta,0,0,0,0,0,0,0
27,Tabasco,012,Macuspana,108.3601667,102.8206338,75462.87949,262.9322,1605.523864,156.7429,4.3821
27,Tabasco,013,Nacajuca,1.5473,0.2297,0.0019,0.2664,0.3171,0.0174,0.0102
27,Tabasco,014,Paraíso,198.715184,187.8787335,1281.1222,539.27092,2007.60508,25.5576768,1.8179072
27,Tabasco,016,Teapa,0,0,0,0,0,0,0
27,Tabasco,017,Tenosique,292.3409,167.0451,43.9274,47.5061,32.3324,0.0206,0.0589
28,Tamaulipas,003,Altamira,4715.301576,4154.81233,40978.10381,5708.607966,10938.58,1201.539657,97.56092346
28,Tamaulipas,004,Antiguo Morelos,19.15985703,4.880844244,176.3017,0.4758,16.6547,0.0555,0
28,Tamaulipas,007,Camargo,0,0,0,0,0,0.0056592,0
28,Tamaulipas,009,Ciudad Madero,1816.698959,959.3096513,7532.4344,74120.1782,5984.0239,3786.854649,165.0211
28,Tamaulipas,013,Güémez,0.5896,0.384,10.6056,0.0889,0.9777,0.005,0.0142
28,Tamaulipas,015,Gustavo Díaz Ordaz,0.0011,0.0003,0.0061,0.0054,0.0215,0.0002,0.0009
28,Tamaulipas,016,Hidalgo,0.069,0.069,0,0.7329,1.2867,0,0
28,Tamaulipas,017,Jaumave,0.0875,0.0875,0,0.9295,1.6319,0,0
28,Tamaulipas,020,Mainero,0.9054325,0.581105,0.0066,0.9206,1.0959,45.570706,0.0352
28,Tamaulipas,021,El Mante,1519.1864,867.6557,135.6408,246.9328,159.9822,3.164172607,0.1819
28,Tamaulipas,022,Matamoros,24.93826976,20.2827129,0.994258799,94.99349797,153.2788019,2715.129093,3.49147868
28,Tamaulipas,025,Miguel Alemán,0.0032126,0.0023943,0,0.0043,0.0075,0,0
28,Tamaulipas,027,Nuevo Laredo,55.4701798,43.1027984,0.2549,31.5534,50.762985,168.0491823,1.0154
28,Tamaulipas,032,Reynosa,172.7843251,153.3468685,71697.76158,1749.492342,1987.119255,1386.45153,14.36726725
28,Tamaulipas,033,Río Bravo,93.1078137,82.34270585,62.2489,743.1035,1254.95,56.36017939,28.3821
28,Tamaulipas,035,San Fernando,1.138647917,0.915009994,0,0.037,0.0649,9.258432,0
28,Tamaulipas,038,Tampico,15.0717328,15.0705304,1.1897,166.536,198.2602,10.904,6.3652
28,Tamaulipas,039,Tula,0.0016202,0.0012361,0,0.0027,0.0047,0,0
28,Tamaulipas,040,Valle Hermoso,1592.451058,1592.335264,21.70500024,2494.790305,3894.471211,152.1985854,0
28,Tamaulipas,041,Victoria,49.1630808,32.5791614,867.1809,15.6977,94.9002,26.43093357,1.1644
28,Tamaulipas,043,Xicoténcatl,0,0,0,0,0,0,0
29,Tlaxcala,002,Apetatitlán de Antonio Carvajal,0.000000109,0.000000077,0.00796,0,0.000000039,0,0
29,Tlaxcala,003,Atlangatepec,0.4507,0.4507,0.0002,4.787,8.4046,0,0
29,Tlaxcala,005,Apizaco,10.24354297,9.689596716,0.1366282,16.8002725,49.700392,0.662685,0.2235
29,Tlaxcala,006,Calpulalpan,34.776157,9.998887,949.5334145,5.70916,90.757384,0.06077,0.0344
29,Tlaxcala,007,El Carmen Tequexquitla,0.2649,0.2649,0.0209,2.9278,3.9691,4.620062232,0.112
29,Tlaxcala,010,Chiautempan,0.453900056,0.32180004,0.11554,0.356734749,0.450000062,0,0
29,Tlaxcala,013,Huamantla,0.44528,0.31573,4.61715,0,0.6384,0,0
29,Tlaxcala,015,Ixtacuixtla de Mariano Matamoros,30.28564,18.62542,44.59969,9.31338,15.82866,13.239548,0.1722
29,Tlaxcala,017,Mazatecochco de José María Morelos,1.70868,1.03461,0.01306,0.768,10.56,0,0
29,Tlaxcala,018,Contla de Juan Cuamatzi,0.000000067,0.000000048,5.251E-08,0,0,0,0
29,Tlaxcala,019,Tepetitla de Lardizábal,0.93606,0.66372,9.30301,0,0.30863,0,0
29,Tlaxcala,022,Acuamanala de Miguel Hidalgo,0.0301,0.0301,0.0024,0.3315,0.3948,0.0217,0.0126
29,Tlaxcala,023,Natívitas,0.00017255,0.00017255,0.000011136,0.000920267,0.005464085,7.98357E-05,0.00009912
29,Tlaxcala,025,San Pablo del Monte,3.0590243,2.2436889,24.9777,0.1179,2.6885,1.0212,0.0003
29,Tlaxcala,028,Teolocholco,7.05757,5.0037,0.00185,0.06174,0.30871,0,0
29,Tlaxcala,031,Tetla de la Solidaridad,20.74390927,18.42353066,0.651211445,58.7841623,119.3461649,4.133177847,2.241607722
29,Tlaxcala,032,Tetlatlahuca,0.0199,0.0057,0.01453,0.10152,0.40439,0.00406,0
29,Tlaxcala,033,Tlaxcala,4.9965,1.4446,0,0,37.2695,0,0
29,Tlaxcala,034,Tlaxco,7.0892,3.9252,0,0.2048,0.9593,1801.94,0
29,Tlaxcala,039,Xaloztoc,5.0937995,4.7390596,0.344701644,47.6081,56.73040037,3.139111,1.81896
29,Tlaxcala,041,Papalotla de Xicohténcatl,3.78863,1.08246,0.07415,22.355,20.002373,0,0
29,Tlaxcala,042,Xicohtzinco,20.07899083,6.81890156,0.1435,18.3351,11.7481,45.58445611,0.7023
29,Tlaxcala,043,Yauhquemehcan,98.7218,98.7218,1.3462,154.6616,422.526,3.9608,0
29,Tlaxcala,048,La Magdalena Tlaltelulco,23.80934,10.228249,0.20585,15.99451,125.01746,0.3876,0
29,Tlaxcala,060,Santa Isabel Xiloxoxtla,0.265500052,0.188300037,7.22,0.060000072,0.66,0.01936908,0
30,Veracruz de Ignacio de la Llave,014,Amatlán de los Reyes,3.8279,2.3109,416.3338322,3.0547,33.0976,0.212355,0.0192
30,Veracruz de Ignacio de la Llave,016,La Antigua,1708.6484,975.1798,0,277.829,166.6974,0,0
30,Veracruz de Ignacio de la Llave,017,Apazapan,84.28268793,52.25526652,2.254292187,820.8346329,3683.74567,4.1415,0.0392
30,Veracruz de Ignacio de la Llave,021,Atoyac,2787.3307,1591.535,59.5706,453.119,276.4883,0.0755,0.2148
30,Veracruz de Ignacio de la Llave,028,Boca del Río,41.7466,41.7035,0.7915,77.8079,264.894,2.5886,0.563
30,Veracruz de Ignacio de la Llave,034,Cerro Azul,2.999,2.999,0.2369,33.1487,39.463,2.1702,1.2671
30,Veracruz de Ignacio de la Llave,038,Coatepec,744.7059337,426.2235337,842.0671033,125.8889819,149.4331575,0.4009,1.1489
30,Veracruz de Ignacio de la Llave,039,Coatzacoalcos,504.398,495.1988,779.4246,3574.1937,8014.6789,661.4100734,128.0943
30,Veracruz de Ignacio de la Llave,044,Córdoba,851.4414,485.1593,133.1977393,164.3698,168.8608,1.8901,1.2454
30,Veracruz de Ignacio de la Llave,045,Cosamaloapan de Carpio,4673.5768,2670.5565,713.7403,759.4607,517.8865,0.335,0.9571
30,Veracruz de Ignacio de la Llave,048,Cosoleacaque,194.4268,194.399925,50.40894,759.4118,1608.94187,47.5712786,20.2552
30,Veracruz de Ignacio de la Llave,049,Cotaxtla,0.1859,0.052725,0.1449,0.837,2.6048,0.1637,0.0142
30,Veracruz de Ignacio de la Llave,052,Cuichapa,3122.6906,1782.7308,114.3324,507.6792,314.5728,0.0537,0.1533
30,Veracruz de Ignacio de la Llave,053,Cuitláhuac,936.7742,534.6467,0,152.321,91.3926,0,0
30,Veracruz de Ignacio de la Llave,054,Chacaltianguis,1.0148,1.0145375,0.0718,9.9793,12.4365,0.6452,0.3736
30,Veracruz de Ignacio de la Llave,059,Chinameca,6.7576,2.2178,54.5281,0.4867,5.1437,0.0268,0.0779
30,Veracruz de Ignacio de la Llave,061,Las Choapas,3.2577,3.2577,0.2573,36.0065,42.865,2.3576,1.3761
30,Veracruz de Ignacio de la Llave,068,Fortín,3.966,2.5999,70.24462695,0.8401,7.958,1.597256,0.0943
30,Veracruz de Ignacio de la Llave,073,Hueyapan de Ocampo,109.2609,62.3587,0,17.766,10.6596,0,0
30,Veracruz de Ignacio de la Llave,082,Ixhuatlán del Sureste,423.13975,118.80493,60.8608,0.5112,5.615,0.0287,0.0819
30,Veracruz de Ignacio de la Llave,085,Ixtaczoquitlán,774.1417874,474.9149762,2754.68879,2503.3889,2889.864344,61.41293689,8.0563
30,Veracruz de Ignacio de la Llave,087,Xalapa,135.1421309,130.2020898,241.1437,190.545,757.8245,18.04350648,0.3212
30,Veracruz de Ignacio de la Llave,093,Jilotepec,0,0,0,0,0,0,0
30,Veracruz de Ignacio de la Llave,097,Lerdo de Tejada,1987.8192,1134.6346,27.5036,323.2045,196.3199,0.0129,0.0369
30,Veracruz de Ignacio de la Llave,100,Manlio Fabio Altamirano,0.0072,0.0018,0.0409,0.036,0.144,0.0014,0.0058
30,Veracruz de Ignacio de la Llave,102,Martínez de la Torre,36.3991,23.7075,654.7089,5.487,60.357,0.3071,0.8787
30,Veracruz de Ignacio de la Llave,105,Medellín de Bravo,67.872,67.872,4.2512,589.3495,438.6379,37.5295,21.5109
30,Veracruz de Ignacio de la Llave,108,Minatitlán,488.1647,384.8514,89744.6646,12373.2723,2994.7408,98.69863794,59.5764
30,Veracruz de Ignacio de la Llave,111,Moloacán,1.8464,1.8464,0.1458,20.4072,24.2943,1.3362,0.78
30,Veracruz de Ignacio de la Llave,112,Naolinco,0.072,0.018,0.409,0.36,1.44,0.0144,0.0576
30,Veracruz de Ignacio de la Llave,115,Nogales,27.0165424,19.2297332,0.0198,2.7894,3.3207,21.9618,0.1065
30,Veracruz de Ignacio de la Llave,118,Orizaba,12.91187188,10.55128736,3.8514659,99.86898455,121.6528023,32.26828964,3.83535856
30,Veracruz de Ignacio de la Llave,121,Ozuluama de Mascareñas,0.057,0.057,3.4183E-05,0.319,1.8801,0.0323,0
30,Veracruz de Ignacio de la Llave,123,Pánuco,2.088382106,1.207850786,0.632754275,4.52546275,6.923949768,0.251492352,0.219969408
30,Veracruz de Ignacio de la Llave,125,Paso del Macho,1509.5441,861.5746,6.6738,245.4499,147.8517,0.0031,0.0089
30,Veracruz de Ignacio de la Llave,128,Perote,203.7112112,111.6594426,1654.2828,11.67992,221.83424,8.347037646,1.8485
30,Veracruz de Ignacio de la Llave,131,Poza Rica de Hidalgo,58.5055,57.2682125,3354.479942,1060.4279,2994.9825,298.2561287,11.7552
30,Veracruz de Ignacio de la Llave,133,Pueblo Viejo,0.0019,0.0004,0.0109,0.0096,0.0383,20.232892,0.0015
30,Veracruz de Ignacio de la Llave,144,Sayula de Alemán,2.6363,1.63319,0.0001,0.5416,3.1918,0.0548,0
30,Veracruz de Ignacio de la Llave,173,Tezonapa,3485.8263,1989.542,15.7101,566.7907,341.4437,0.0074,0.0211
30,Veracruz de Ignacio de la Llave,174,Tierra Blanca,54.56795366,53.10881802,0.4015,55.4169,188.36765,14.27935576,1.978
30,Veracruz de Ignacio de la Llave,175,Tihuatlán,94.8319,94.8319,1.2932,148.5679,231.907,3.8047,0
30,Veracruz de Ignacio de la Llave,188,Totutla,0.1752,0.1632,0.00150013,0.2732,0.0371,0.0045,0
30,Veracruz de Ignacio de la Llave,189,Tuxpan,6246.466312,5086.993722,118501.4939,3871.6521,12492.7381,237.3729,162.4934
30,Veracruz de Ignacio de la Llave,191,Ursulo Galván,2463.9545,1406.2569,0,400.643,240.3858,0,0
30,Veracruz de Ignacio de la Llave,193,Veracruz,57.79924125,47.24791748,3.276550445,226.4746692,406.7369927,644.0181754,8.027982727
30,Veracruz de Ignacio de la Llave,204,Agua Dulce,6.0376,6.0376,0.4766,66.7325,79.4435,4.3693,2.5507
30,Veracruz de Ignacio de la Llave,205,El Higo,3694.9323,2108.815,0,600.802,360.4812,0,0
30,Veracruz de Ignacio de la Llave,206,Nanchital de Lázaro Cárdenas del Río,162.05,162.05,4.9396,650.364,925.46066,35.09163628,17.6576
30,Veracruz de Ignacio de la Llave,207,Tres Valles,10.44476906,8.349044018,0.117083357,11.64956975,11.36910304,4.18124,0.0002
31,Yucatán,002,Acanceh,0.0207,0.0207,0.00001242,0.1159,0.6831,0.0117,0
31,Yucatán,004,Baca,0.4956,0.3228,34.3642,0.288,3.168,0.0161,0.0461
31,Yucatán,041,Kanasín,0.4083,0.3241,0.6382,2.219,12.0129,0.1902,0.0899
31,Yucatán,050,Mérida,907.213632,631.936525,13091.22176,2326.895573,2924.451787,34.04610167,17.55438272
31,Yucatán,051,Mocochá,0.3097,0.2017,21.4776,0.18,1.98,0.0101,0.0288
31,Yucatán,054,Muxupip,0.5244,0.5244,0.000378647,2.9361,17.3024,0.2972,0
31,Yucatán,059,Progreso,0,0,0,0,0,89.96927911,0
31,Yucatán,096,Tizimín,0.5969,0.1706,5.184E-08,0.0005,0.0029,0.0001,0
31,Yucatán,101,Umán,21.117786,15.311732,385.601138,4.6382,42.3462,74.94342247,0.6373576
31,Yucatán,102,Valladolid,875.8425,585.61355,6379.9875,787.0834,6142.255,30.2989,8.338
32,Zacatecas,007,Concepción del Oro,0,0,0,0,0,0,0
32,Zacatecas,009,Chalchihuites,70.6965563,42.8101662,0,0.0824,0.1446,0,0
32,Zacatecas,010,Fresnillo,0.691961273,0.421459245,0.005854113,0.081607375,0.154838095,0.000205999,0.000823997
32,Zacatecas,017,Guadalupe,10.24224706,6.918031262,0.049208352,7.893269317,9.54291631,141.9561768,0.26339761
32,Zacatecas,026,Mazapil,993.2040258,334.3339935,0.176743118,0.256271942,0.799106033,0.006223176,0.024892704
32,Zacatecas,029,Miguel Auza,0.0058723,0.0039502,0,0.011,0.0192,0,0
32,Zacatecas,032,Morelos,1.295574777,0.78447647,0,0,0,0,0
32,Zacatecas,035,Noria de Ángeles,0,0,0,0,0,0,0
32,Zacatecas,036,Ojocaliente,2495.082478,1497.021256,1.106505259,1.655752903,5.092986456,0.03896028,0.15584112
32,Zacatecas,037,Pánuco,0.75092917,0.465576086,0,0,0,0,0
32,Zacatecas,042,Sombrerete,0.65901472,0.39903618,4.0896E-06,0.0000036,0.0000144,0.000000144,0.000000576
32,Zacatecas,050,Vetagrande,0.03911808,0.03875736,0.1258512,0.1002,0.48096,0.004008,0.01600862
32,Zacatecas,056,Zacatecas,1.129699,0.616545,0,0,0,0,0
Notas:,,,,,,,,,,
Cantidades en toneladas.,,,,,,,,,,
"* Si se muestran ""blancos"" en la posicion de cifras, representan valores no reportados o nulos.",,,,,,,,,,
