SECTOR,CVE_ENT_1,ENTFED,PM10,PM2.5,SOX,CO,NOX,COV,NH3
"Accesorios, aparatos eléctricos y equipos de generación eléctrica",1,Aguascalientes,1.21314438,0.863915266,0,0.1363,0.2394,7.014492281,0
"Accesorios, aparatos eléctricos y equipos de generación eléctrica",2,Baja California,35.333211,32.30192689,0.441260899,462.3726797,30.9195879,1472.381028,0.0105
"Accesorios, aparatos eléctricos y equipos de generación eléctrica",5,Coahuila de Zaragoza,5.700308928,4.488586768,0.081620471,11.27018225,13.45378,51.5969865,0.43119586
"Accesorios, aparatos eléctricos y equipos de generación eléctrica",8,Chihuahua,67.04425163,56.24232207,0.807322857,43.5315598,124.4447704,746.9692529,0.696009962
"Accesorios, aparatos eléctricos y equipos de generación eléctrica",9,Distrito Federal,20.28872545,18.76173749,0.183383915,7.890225676,18.58546201,166.9018442,0.21547604
"Accesorios, aparatos eléctricos y equipos de generación eléctrica",10,Durango,12.61996611,4.379280705,0.0093,1.2924,1.5449,0.2822,0.0489
"Accesorios, aparatos eléctricos y equipos de generación eléctrica",11,Guanajuato,2.794389346,2.794286858,0.227813849,19.80640464,72.30694409,1.514064238,1.471765269
"Accesorios, aparatos eléctricos y equipos de generación eléctrica",13,Hidalgo,0.095576692,0.095576692,0.086064393,0.773052704,2.377466763,0.091144826,0.026276712
"Accesorios, aparatos eléctricos y equipos de generación eléctrica",14,Jalisco,38.736614,19.7293388,0.899730995,3.611502,9.987208,11.27872116,0.204539303
"Accesorios, aparatos eléctricos y equipos de generación eléctrica",15,México,379.8545442,270.9435482,0.250733525,16.17622443,24.873103,384.5055238,0.454364581
"Accesorios, aparatos eléctricos y equipos de generación eléctrica",16,Michoacán de Ocampo,0.0012,0.0012,7.36E-07,0.0069,0.0405,0.0007,0
"Accesorios, aparatos eléctricos y equipos de generación eléctrica",17,Morelos,0.9282,0.116025,0.867,2.8392,13.1914,11.514039,0
"Accesorios, aparatos eléctricos y equipos de generación eléctrica",19,Nuevo León,157.257039,130.2511893,0.371588194,71.87686748,103.3135612,939.775066,1.832793589
"Accesorios, aparatos eléctricos y equipos de generación eléctrica",21,Puebla,0.0339,0.0339,0.0027,0.3755,0.447,0.0245,0.0144
"Accesorios, aparatos eléctricos y equipos de generación eléctrica",22,Querétaro,5.0312074,3.7315372,0.027742922,3.9106,4.6557,521.963163,0.149302518
"Accesorios, aparatos eléctricos y equipos de generación eléctrica",24,San Luis Potosí,1.24577864,0.996755376,0.691171069,0.943288416,3.33193376,24.11204296,0.100812956
"Accesorios, aparatos eléctricos y equipos de generación eléctrica",25,Sinaloa,0.000848514,0.00084318,0.00187835,0.002922095,0.015664591,0.00018423,0.000391864
"Accesorios, aparatos eléctricos y equipos de generación eléctrica",26,Sonora,2.222967508,1.547155015,0.771902338,6.898434532,6.004543939,460.2109961,87.02012872
"Accesorios, aparatos eléctricos y equipos de generación eléctrica",28,Tamaulipas,77.16797313,64.86707871,0.220222092,3.489118584,6.742474686,114.3807829,0.130433473
Alimentos y bebidas,1,Aguascalientes,16.21486573,9.915810605,472.6970663,23.6469,65.32122648,1.5272,1.5802
Alimentos y bebidas,2,Baja California,31.64400643,14.74966459,907.2916164,172.0276477,183.2078225,0.949155563,1.798010467
Alimentos y bebidas,3,Baja California Sur,7.486667,2.104062,6.044302592,5.345,21.4258,0.2152,0.8518
Alimentos y bebidas,4,Campeche,1028.817238,587.4083186,50.83587704,0.441944212,104.7689261,0.066904866,0.064759074
Alimentos y bebidas,5,Coahuila de Zaragoza,238.5111055,72.41412751,230.8211323,34.64498034,69.77929088,2.885745998,1.559322134
Alimentos y bebidas,6,Colima,2199.083513,1255.134734,836.0099,47.8852,324.2577515,2.052576,2.217
Alimentos y bebidas,7,Chiapas,4746.614402,2687.748171,340.3843719,42.87496134,532.7108728,81.698123,35.58873676
Alimentos y bebidas,8,Chihuahua,1.659444796,0.986048815,11.5141809,62.701836,6.25278192,70.5770148,0.000343562
Alimentos y bebidas,9,Distrito Federal,154.6592516,76.75495621,8.708091694,235.1577002,228.9788185,1927.256603,59.38799032
Alimentos y bebidas,10,Durango,15.66760927,7.7825603,0.811838766,99.54889822,87.24458805,3.35277435,2.022935338
Alimentos y bebidas,11,Guanajuato,143.0483292,127.2911682,2254.054737,135.8261716,574.7351309,10.79235123,11.83624704
Alimentos y bebidas,12,Guerrero,0.3517,0.1912,1.215982553,1.8408,8.822,0.1208,0.1714
Alimentos y bebidas,13,Hidalgo,16.2958859,11.18758629,298.5262,28.21576728,68.95508882,2.136514276,1.833416178
Alimentos y bebidas,14,Jalisco,11965.40971,6814.401911,7603.8027,261.4487594,2280.412604,47.98118553,19.12982138
Alimentos y bebidas,15,México,369.0032451,183.7871683,56.31762118,1143.823072,1509.91837,165.6536876,38.06094273
Alimentos y bebidas,16,Michoacán de Ocampo,2514.726326,1426.661577,1568.94205,16.5624,391.6258262,2.001965872,2.577
Alimentos y bebidas,17,Morelos,906.0001573,517.6172615,163.8568456,208.7551941,218.1940169,0.251759931,0.360293163
Alimentos y bebidas,18,Nayarit,3601.439983,2041.973899,132.4189199,19.69997505,405.8611208,1.647288404,2.071376008
Alimentos y bebidas,19,Nuevo León,69.07919401,27.89436801,231.0634,105.5346,168.1622,8.420474,3.9285
Alimentos y bebidas,20,Oaxaca,5737.760071,3284.425922,5090.606751,42.90520827,958.8021737,6.489896915,6.861321323
Alimentos y bebidas,21,Puebla,3145.028399,1808.572604,2250.531635,52.28531231,548.5424342,4.391968576,4.373494294
Alimentos y bebidas,22,Querétaro,18.978864,8.988804,309.0671652,42.8764,91.0465,5.3053,1.8178
Alimentos y bebidas,23,Quintana Roo,2956.203869,1687.181673,8.1744,0.8418,292.1511629,0.0346,0.1348
Alimentos y bebidas,24,San Luis Potosí,8600.975352,4912.177101,578.8978747,24.30818609,917.7311739,25.91900283,1.598703242
Alimentos y bebidas,25,Sinaloa,2242.389367,1295.094523,5906.334286,57.05971193,759.4289376,15.98797759,8.877661908
Alimentos y bebidas,26,Sonora,873.4162376,318.0773948,4468.616838,43.49428106,432.3565627,5.586164142,6.456968002
Alimentos y bebidas,27,Tabasco,7802.115397,4454.071598,228.5263635,639.256772,829.2247328,189.3283411,1.084522168
Alimentos y bebidas,29,Tlaxcala,43.912567,12.734977,954.1967678,4.95849,133.6930644,0.00502,0
Alimentos y bebidas,30,Veracruz de Ignacio de la Llave,37988.85059,21578.44231,6258.854882,142.7456415,4353.09257,11.70256067,11.95307864
Alimentos y bebidas,31,Yucatán,25.29709731,15.51248191,569.7882967,30.03872554,102.3299304,2.657321832,1.849940317
Almacenamiento de combustibles,6,Colima,0.21427104,0.21229518,0.6893556,0.54885,2.63448,0.021954,0.087687935
Almacenamiento de combustibles,11,Guanajuato,0.326127831,0.284893278,5.8633848,0.04914,0.566748,0.00746928,0.007850934
Almacenamiento de combustibles,16,Michoacán de Ocampo,0.28,0.1923,2.587303703,0.0563,0.4422,0.0048,0.0035
Almacenamiento de combustibles,19,Nuevo León,0,0,0,0,0,0.6147,0
Almacenamiento de combustibles,21,Puebla,1.3936,0.9077,25.0642,0.21,2.3106,0.0116,0.0337
Almacenamiento de combustibles,30,Veracruz de Ignacio de la Llave,0.2063,0.1343,14.3041,0.1199,1.3187,0.024435,0.0192
Asbesto,8,Chihuahua,0.008244966,0.008244966,0.000650918,0.091128576,0.1084864,0.005966752,0.003478345
Asbesto,9,Distrito Federal,0.001078438,0.001078438,0.0000696,0.005751669,0.034150532,0.000498973,0.0006195
Asbesto,13,Hidalgo,0.009137244,0.009137244,0.000589698,0.04873197,0.289346072,0.004227631,0.005248817
Asbesto,14,Jalisco,0.059853457,0.059853457,0.004725273,0.66153821,0.787545488,0.043315002,0.025250677
Asbesto,15,México,0.457158636,0.457158636,0.034384435,4.375266885,8.207894722,0.299918649,0.210937715
Asbesto,27,Tabasco,0.18433076,0.095094919,0.0082,0.3341,0.6028,0.0099768,0.0012
Automotriz,1,Aguascalientes,170.381426,105.6979641,0.1617,26.8446,34.8305,14696.59613,0.8329
Automotriz,2,Baja California,9.158426014,7.031648853,0.233231323,34.53072431,34.71090141,718.7585491,1.303688129
Automotriz,5,Coahuila de Zaragoza,1254.303465,1170.884097,1.669612677,154.200813,191.6185208,13191.23585,5.945514729
Automotriz,8,Chihuahua,1.459983052,1.459977515,0.117146428,16.13155564,19.20978518,1.056193621,0.615922762
Automotriz,9,Distrito Federal,8.608022399,6.131646163,1.666902523,7.04106532,15.94594775,110.2999109,0.455932831
Automotriz,10,Durango,1.162809908,0.85875571,0.0017,0.3095,0.3782,68.8678,0.0114
Automotriz,11,Guanajuato,287.0205453,255.8608565,44.88431606,63.42970244,84.01743211,2106.696678,2.480730684
Automotriz,13,Hidalgo,0,0,0,0,0,13.113256,0
Automotriz,14,Jalisco,0.334343048,0.334331462,0.03033862,3.684701702,4.398166536,0.241178238,0.141035096
Automotriz,15,México,754.3012761,555.3867437,6.702881545,92.17132128,192.9889052,3584.950309,4.495742558
Automotriz,17,Morelos,42.30043169,31.61335017,520.1407,12.2344,61.8249,970.502022,0.7009
Automotriz,19,Nuevo León,197.3934013,146.1439398,1.880333986,245.3296692,316.3968916,448.7445066,9.359911959
Automotriz,21,Puebla,20.03418654,14.81517949,0.367371063,55.7895488,68.89721048,1153.115418,1.964179742
Automotriz,22,Querétaro,27.27589226,22.25264234,0.277199566,40.58559851,49.95248509,527.0638251,1.459178472
Automotriz,24,San Luis Potosí,53.37278573,47.07081342,0.393879123,34.49433507,40.49636443,461.9005999,1.325191666
Automotriz,26,Sonora,302.552829,275.1980494,0.177680864,18.908944,23.0028912,1341.892551,0.717223006
Automotriz,28,Tamaulipas,3.418579823,2.540042362,0.822736957,8.916088012,13.85965218,62.80317073,0.390276504
Automotriz,32,Zacatecas,0.022428631,0.022428631,0.001447494,0.119619367,0.710239993,0.010377305,0.012883948
Celulosa y papel,2,Baja California,10.20112693,9.474109894,103.730223,50.0622976,68.55921048,302.3527635,2.018731905
Celulosa y papel,5,Coahuila de Zaragoza,4.79092,4.498712,0.3206,44.8776,53.4257,76.48354,1.7153
Celulosa y papel,8,Chihuahua,10.735456,10.735456,0.847341263,118.6547768,141.2558105,7.769061578,4.531067375
Celulosa y papel,9,Distrito Federal,9.6314,8.50286,0.551,77.2818,189.048,95.3794,2.948836116
Celulosa y papel,10,Durango,8.8376,8.8376,0.6977,144.5409239,201.0706081,6.3957,3.7334
Celulosa y papel,11,Guanajuato,0.93930579,0.939275475,0.075349342,10.58300102,12.6232496,0.691959848,0.402224322
Celulosa y papel,13,Hidalgo,1.093635859,1.074181359,1.207893922,137.5350577,164.420394,9.004032289,5.277281712
Celulosa y papel,14,Jalisco,91.79506123,62.34666127,1552.148196,74.0692986,314.1171705,61.35060479,4.41481956
Celulosa y papel,15,México,96.73914764,72.07058525,1215.309869,269.1947538,393.992211,2411.978923,11.71513472
Celulosa y papel,16,Michoacán de Ocampo,36.12190879,29.69291796,172.7777131,78.0497949,147.6558697,37.70570117,3.180579233
Celulosa y papel,17,Morelos,49.6440992,32.7973464,854.573,14.9244,92.232,36.87858,1.1671
Celulosa y papel,19,Nuevo León,39.00050299,34.11541322,1.17438376,164.2944025,240.5967316,86.84214909,6.27842157
Celulosa y papel,20,Oaxaca,0,0,0,0,0,0,0
Celulosa y papel,21,Puebla,17.82732593,15.57329621,320.5138044,2.68617,30.980494,0.40829784,0.429160427
Celulosa y papel,22,Querétaro,64.02428418,46.75700268,872.6224236,158.9177041,236.8142057,388.1595663,6.967197223
Celulosa y papel,24,San Luis Potosí,33.0887253,21.7371253,2223.045357,24.51861642,211.9462434,1.428824885,3.205643484
Celulosa y papel,25,Sinaloa,228.5505439,149.4448294,4080.856445,36.9933929,386.3979799,2.030772689,5.61092858
Celulosa y papel,26,Sonora,66.406,43.01958,1112.9954,9.3278,102.606,134.7124,1.4924
Celulosa y papel,28,Tamaulipas,2.709108698,2.709108698,0.213832266,29.94241718,35.6456776,217.6455458,1.144400544
Celulosa y papel,29,Tlaxcala,75.63665508,58.64875325,7.317076533,189.0252237,562.450413,8.332679584,3.279905997
Celulosa y papel,30,Veracruz de Ignacio de la Llave,57.2849,39.255932,392.1182,146.0712,400.7411,9.2435,5.8504
Cemento y cal,1,Aguascalientes,367.6908649,224.5196106,2702.188624,4790.447277,8148.533659,5.6104,0.0536
Cemento y cal,2,Baja California,14.94071664,9.401734759,190.7167275,10.2951,360.3285,1.201095,0
Cemento y cal,5,Coahuila de Zaragoza,230.7171052,104.6410811,1000.904238,223.7436712,1814.050811,21.3752366,6.413881711
Cemento y cal,6,Colima,125.8850654,62.6969837,186.0772,753.0511,1210.1068,0.0454,0.1172
Cemento y cal,7,Chiapas,43.17818083,23.01162779,274.8879185,3.9779262,70.12390884,0.556630382,0.309267439
Cemento y cal,8,Chihuahua,222.4790515,123.0568438,133.4312301,89.20012267,1295.070182,15.04430945,1.477199749
Cemento y cal,10,Durango,57.62286666,34.91760025,0.0497,6.9579,8.2832,0.4557,0.2659
Cemento y cal,11,Guanajuato,13.61516736,13.32862924,1.7980426,83.5828446,252.3262581,34.7989702,2.1383
Cemento y cal,12,Guerrero,10.05084511,5.94269087,184.7908021,7.348186153,178.1759932,1.188209176,0.155418069
Cemento y cal,13,Hidalgo,1824.334132,1258.226695,6413.557031,2765.936861,10834.67451,257.347229,20.55525673
Cemento y cal,14,Jalisco,121.0912276,85.77902486,563.2581877,440.9099373,1982.870839,15.81158015,1.627776772
Cemento y cal,15,México,435.5195056,226.6781707,634.3360886,45.02340196,720.144546,4.517643753,0.700485906
Cemento y cal,16,Michoacán de Ocampo,0,0,0,0,0,0,0
Cemento y cal,17,Morelos,378.5991114,242.7280909,84.62111835,1659.155142,5339.352882,5.43820568,0.09839002
Cemento y cal,19,Nuevo León,95.92592898,52.90640809,731.8747863,153.9547808,2659.237289,21.06211195,3.257544756
Cemento y cal,20,Oaxaca,105.8602114,99.20087213,658.019029,1455.020915,8263.560195,4.591848,0.470537868
Cemento y cal,21,Puebla,339.0791645,195.0978336,2088.685765,780.2657264,2506.28506,20.25517845,3.439281995
Cemento y cal,22,Querétaro,414.3696987,392.2050281,30.87938516,369.9198684,527.9409875,0.88101548,0.303092
Cemento y cal,24,San Luis Potosí,718.5761886,435.8521931,9162.737239,180.9862947,4011.986909,17.088898,11.50132952
Cemento y cal,26,Sonora,988.6276943,636.7203103,1962.287443,109.3678002,2321.801225,12.52546606,0.921156427
Cemento y cal,27,Tabasco,191.978189,103.5501732,5914.70442,1482.718019,874.5480171,3.214777755,0.839360691
Cemento y cal,28,Tamaulipas,4.51495263,1.76083053,7.61037759,0.3444,8.0351,0.0443,0.0003
Cemento y cal,30,Veracruz de Ignacio de la Llave,417.610165,325.3617738,1922.172692,64.43111256,1699.544823,6.9876923,2.001789582
Cemento y cal,31,Yucatán,35.97858323,14.05506632,1428.951332,19.2725687,446.4812029,2.4658323,0.01840718
Cemento y cal,32,Zacatecas,0,0,0,0,0,0,0
"Cuero, piel y materiales sucedáneos",5,Coahuila de Zaragoza,0,0,0,0,0,6.463913105,0
"Cuero, piel y materiales sucedáneos",9,Distrito Federal,0.880514484,0.625478707,0.000230497,0.037514093,0.051253065,1.047672255,0.00098432
"Cuero, piel y materiales sucedáneos",11,Guanajuato,14.80373348,14.79501651,2.272496542,78.4956834,465.938194,6.804789297,8.460223798
"Cuero, piel y materiales sucedáneos",13,Hidalgo,0,0,0,0,0,0,0
"Cuero, piel y materiales sucedáneos",14,Jalisco,0.44528483,0.29539483,0.257030311,0.509422982,2.5725,10.66239618,0.0363
"Cuero, piel y materiales sucedáneos",15,México,0.062182924,0.050531563,0.050192922,0.255737159,0.331635934,1.793032333,0.010042818
"Cuero, piel y materiales sucedáneos",30,Veracruz de Ignacio de la Llave,0.0152,0.0106,0.0354054,0.0815,0.4215,0.0063,0.005
Derivados del petróleo y carbón,2,Baja California,7.019555,4.327665,117.59519,4.003026,17.172864,1578.2455,0
Derivados del petróleo y carbón,8,Chihuahua,1.7905,0.4526,0.5019,0.76242816,2.1432,0.0388,0.0827
Derivados del petróleo y carbón,9,Distrito Federal,0.994755721,0.590230583,1.020629551,12.10988122,20.18225147,4.816849678,0.231542118
Derivados del petróleo y carbón,11,Guanajuato,29.78503239,27.27260115,21.29252815,137.3164537,811.2490989,11.81406707,14.6910912
Derivados del petróleo y carbón,13,Hidalgo,0.484991722,0.34358422,8.46736716,0.569993268,2.279741828,1595.269237,0.091104331
Derivados del petróleo y carbón,14,Jalisco,42.73023792,27.78561572,3.904700015,7.9711,35.892,2.422215,0.321576046
Derivados del petróleo y carbón,15,México,37.51090985,7.876421914,86.82572429,221.6987448,51.59517198,0.394520395,1.305585428
Derivados del petróleo y carbón,16,Michoacán de Ocampo,1.8726,1.5495,0.092015738,0.0832,0.3266,0.0034,0.013
Derivados del petróleo y carbón,17,Morelos,5.524656534,2.922152687,0.1121,0.0986,0.3947,0.004,0.0158
Derivados del petróleo y carbón,19,Nuevo León,3.5251038,1.6321958,90.9891,2.5388,12.6022,0.1178,0.2025
Derivados del petróleo y carbón,20,Oaxaca,1.161731,1.0501,0.1169,0.1029,0.4118,0.0041,0.0165
Derivados del petróleo y carbón,21,Puebla,15.81350172,12.52238693,0.87368505,1.0286466,3.7132234,0.192548025,0.1218
Derivados del petróleo y carbón,24,San Luis Potosí,4.3264,2.8068,77.9141,0.7868,7.743497,0.042606,0.126
Derivados del petróleo y carbón,27,Tabasco,2.085520046,0.061111462,0.594618948,0.856926171,2.497557133,0.068521092,0.070906757
Derivados del petróleo y carbón,28,Tamaulipas,40.268,28.5489,0.0424,0.0373,0.1491,7.1055,0.006
Derivados del petróleo y carbón,31,Yucatán,1.9987,1.6561,0.0757,0.0666,0.2664,0.0027,0.0107
Extracción/Beneficio minerales no metálicos,2,Baja California,16.07516,10.77437,330.82306,74.372,282.7291,4.25676,0
Extracción/Beneficio minerales no metálicos,4,Campeche,285.226,172.61211,0,0,0,0,0
Extracción/Beneficio minerales no metálicos,5,Coahuila de Zaragoza,207.007269,126.5211994,267.907,3.8758,26.6382,0.2332,0.4218
Extracción/Beneficio minerales no metálicos,6,Colima,4.3492,2.15438,0.0609,0.0536,0.2146,0.0021,0.0086
Extracción/Beneficio minerales no metálicos,8,Chihuahua,1.70202001,1.686526465,5.406934485,4.420195323,21.34938002,0.182251369,0.700138515
Extracción/beneficio minerales no metálicos,9,Distrito Federal,0.874550491,0.437583121,0.007537644,0.0053082,0.0212328,0.000488745,7.51E-06
Extracción/beneficio minerales no metálicos,10,Durango,12.23760642,11.63622562,0.1639,1.8533,2.5811,0.1178,0.087
Extracción/beneficio minerales no metálicos,13,Hidalgo,821.730239,22.49212519,461.2826421,51.598924,119.0223417,0.693699869,0.032490084
Extracción/Beneficio minerales no metálicos,14,Jalisco,14.95143557,7.609159656,0.54109152,1.11922,5.207516,0.3518768,0.039724698
Extracción/Beneficio minerales no metálicos,15,México,0.894931237,0.541899797,1.40E-05,0.000444156,0.000555728,2.88E-05,0.083174022
Extracción/Beneficio minerales no metálicos,16,Michoacán de Ocampo,0.000008208,0.000008208,4.80E-09,4.60E-05,0.0003,0.00000475,0
Extracción/Beneficio minerales no metálicos,19,Nuevo León,2613.985994,1608.190015,118.7271,22.6318,37.8051,1.4287,0.9108
Extracción/Beneficio minerales no metálicos,21,Puebla,7.580683782,4.738727782,0.029538614,4.149006016,5.0027024,0.272170632,0.157846971
Extracción/Beneficio minerales no metálicos,22,Querétaro,0.0003,0.0001,0.0017,0.0015,0.0061,0.0001,0.0002
Extracción/Beneficio minerales no metálicos,24,San Luis Potosí,1.6253,0.9841,0,0,0,0,0
Extracción/Beneficio minerales no metálicos,26,Sonora,22.03475985,12.89822635,11.05702718,11.20917277,51.23084045,13.2328032,1.586690054
Extracción/Beneficio minerales no metálicos,30,Veracruz de Ignacio de la Llave,201.61534,108.9032,750.7817,5.5802,145.0397,1.07687,4.32968
Extracción/Beneficio minerales no metálicos,32,Zacatecas,0.449016321,0.4450594,1.381810829,1.205332487,5.906384435,0.053177862,0.187043951
Generación de energía eléctrica,2,Baja California,1402.708897,1400.762321,30.06749723,4515.07304,13187.3747,516.4109464,240.7092776
Generación de energía eléctrica,3,Baja California Sur,5771.570006,4374.196737,32209.45832,4767.200973,34905.57053,1646.615668,151.8805932
Generación de energía eléctrica,4,Campeche,671.027927,605.9660906,9260.800015,445.6778236,2402.37373,54.48738941,41.54562517
Generación de energía eléctrica,5,Coahuila de Zaragoza,6181.796738,2807.931832,197118.4766,2797.210519,59764.3467,974.8764032,41.17836082
Generación de energía eléctrica,6,Colima,5325.103104,4713.052562,87029.68737,2412.287734,9687.403552,271.0081799,204.7237715
Generación de energía eléctrica,8,Chihuahua,2986.940236,2797.442627,26968.1822,4400.749319,17874.14632,475.0891971,278.6087195
Generación de energía eléctrica,9,Distrito Federal,143.70623,143.70623,2.16416531,388.4585904,1492.990461,43.84605103,21.78837592
Generación de energía eléctrica,10,Durango,1535.122524,1438.759008,13720.60885,2983.456915,10486.47888,282.3739871,164.8997389
Generación de energía eléctrica,11,Guanajuato,1169.543387,1098.216735,10155.95154,2265.822124,7343.032669,216.9973016,126.2190659
Generación de energía eléctrica,12,Guerrero,634.5346004,276.1428763,125119.2563,1756.72054,26280.19886,708.8744937,2.600772975
Generación de energía eléctrica,13,Hidalgo,8040.429705,7096.395665,134246.5355,2775.373938,16662.2714,342.8397247,273.3266048
Generación de energía eléctrica,15,México,458.5008465,457.8328032,668.0947497,2736.994523,5404.741218,211.4944048,120.5495914
Generación de energía eléctrica,16,Michoacán de Ocampo,101.1162502,65.85953811,1818.776862,15.24285,167.67135,0.858009143,2.435328366
Generación de energía eléctrica,19,Nuevo León,1679.938951,1661.634176,44.69228221,4675.631304,15606.12699,432.0942761,217.3879222
Generación de energía eléctrica,21,Puebla,352.7644894,352.7644894,5.333995716,929.5914508,3705.544982,101.2109475,54.83479405
Generación de energía eléctrica,22,Querétaro,442.864904,442.6236775,70.83252632,1147.097241,4858.511722,124.0125331,73.6916725
Generación de energía eléctrica,23,Quintana Roo,84.2371006,76.38152029,390.4432679,80.92116557,842.6677668,16.47938434,22.28287345
Generación de energía eléctrica,24,San Luis Potosí,3640.301339,3308.986629,65524.1687,2722.804951,17598.07669,310.4946838,188.3636242
Generación de energía eléctrica,25,Sinaloa,4354.621388,3805.046634,78148.80425,661.9820959,6247.513195,101.280559,107.2458139
Generación de energía eléctrica,26,Sonora,5516.147388,4911.632932,85971.80356,2614.456195,12905.09952,318.6457262,232.548516
Generación de energía eléctrica,28,Tamaulipas,5227.247831,5061.095051,23452.04121,10820.62559,40048.83054,1124.185229,648.1085528
Generación de energía eléctrica,29,Tlaxcala,8.1979,8.1979,0.1118,12.8432,135.2,0.3289,0
Generación de energía eléctrica,30,Veracruz de Ignacio de la Llave,9609.196867,8682.433642,131817.7366,7088.487431,34319.51338,820.5391702,530.2595816
Generación de energía eléctrica,31,Yucatán,1906.885909,1755.972276,21582.38468,2013.783782,9350.466043,220.2613867,159.296294
Impresión,2,Baja California,0.13186,0.09693,1.48E-06,0.0138,0.0813,38.0559,0
Impresión,9,Distrito Federal,8.335020138,6.583386735,0.980510748,10.66055231,17.32915866,3111.115792,0.105687194
Impresión,14,Jalisco,6.428137412,4.812842291,115.421781,0.998034,11.0117988,1543.170478,0.159472035
Impresión,15,México,27.18198348,24.27087771,3.543432209,82.9750427,475.4627401,516.6094665,0.071011428
Impresión,19,Nuevo León,0.087015634,0.073388434,0,0.0008,0.0008,144.9943868,0
Impresión,22,Querétaro,3.177009,2.2579245,1.08E-05,0.1005,0.5928,63.431131,0
Impresión,24,San Luis Potosí,0.2418,0.1585,4.2957,0.0689,0.4352,0.0042,0.0071
Impresión,28,Tamaulipas,5.225536655,5.225536655,0.33724461,27.86952883,165.4753274,2.417757358,3.001767761
Industria textil,1,Aguascalientes,1.520400009,0.955200009,68.75864961,6.242762011,18.90697298,0.3528,0.4197
Industria textil,2,Baja California,4.079075,2.987987,0.187931678,12.63462,1.50511,9.51941,0
Industria textil,4,Campeche,0.1911,0.1244,3.4364,0.0288,0.3168,0.0016,0.0046
Industria textil,5,Coahuila de Zaragoza,5.3636,4.7143,0.243433658,34.324,42.3389,2.2581,1.2998
Industria textil,8,Chihuahua,21.4069,15.1818,0.0008,0.50866,1.32778,4.473608,0.0042
Industria textil,9,Distrito Federal,62.96011716,62.19699002,1.285906009,18.89530139,27.6697108,884.4857417,0.564166585
Industria textil,10,Durango,15.33977648,14.69008228,0.2724,38.0173,73.72463162,2.488,1.4529
Industria textil,11,Guanajuato,3.92233528,3.492351885,61.18328872,6.197441365,13.02413684,0.451648599,0.30397772
Industria textil,13,Hidalgo,24.76629995,16.86070634,459.2604926,24.58366759,71.45269972,2.381472537,1.354656858
Industria textil,14,Jalisco,10.7283,7.40505,70.63079981,5.0625,10.7122,17.1854,0.2471
Industria textil,15,México,114.7657869,60.16073867,41.36998305,572.8832371,267.1375614,255.1442414,3.601768746
Industria textil,17,Morelos,23.7602064,16.9106852,144.0198,15.2116,30.0885,0.9676,0.7184
Industria textil,19,Nuevo León,1.482389101,1.142534801,0.0434,6.074,7.6604,4.895189,0.2295
Industria textil,21,Puebla,68.53451478,47.64472629,701.4501882,69.80494954,180.0729114,4.666794525,3.335402895
Industria textil,22,Querétaro,24.99867,22.442735,1.276028356,178.9503,214.2805,14.598,6.8297
Industria textil,24,San Luis Potosí,0.093,0.0233,0.5284,0.4651,1.8605,0.0186,0.0745
Industria textil,26,Sonora,1.36182688,0.97432284,1.70E-05,0.1585,0.935,21.754024,0
Industria textil,28,Tamaulipas,0.0001,0.00008,0,0,0,0.609159,0
Industria textil,29,Tlaxcala,2.383360284,1.689950202,16.99874005,10.96006482,13.6208721,0.01936908,0
Industria textil,30,Veracruz de Ignacio de la Llave,1.371402616,1.371402616,0.108252838,15.15739733,18.04483968,0.992567682,0.57904847
Industria textil,31,Yucatán,1.3367,1.1639,34.36479107,4.9974,30.92,0.4927,0.0461
Madera,2,Baja California,98.826476,91.845416,0.001682177,1.35063,0.448628,1334.584203,0
Madera,8,Chihuahua,6.620815864,4.839928252,21.27616,96.67972,25.5764,196.92364,0.203997758
Madera,9,Distrito Federal,1.667252984,0.62978931,0.006364471,0.321936695,0.573141518,19.49783474,0.000576
Madera,10,Durango,66.40511061,61.61817022,15.37157971,840.7378874,93.79945081,2475.093634,36.67405836
Madera,13,Hidalgo,0.0007104,0.0007104,0.0011848,0.0075424,0.0132424,0.0009976,0
Madera,14,Jalisco,2.1165,1.9103,0.01910655,3.5329,0.7433,32.422849,0
Madera,15,México,38.82934308,27.0880269,0.041608546,1.798399371,3.993646376,304.4476623,0.220719775
Madera,16,Michoacán de Ocampo,78.85351,66.427876,5.117300311,119.3008,66.751,4.075967,0.346
Madera,21,Puebla,0.0046,0.0046,0,0.026,0.1531,0.0026,0
Madera,22,Querétaro,0.0043,0.0043,0.000002592,0.0242,0.1426,10.8214,0
Madera,26,Sonora,0.005,0.005,0.0004,0.0558,0.0664,0.0037,0.0021
Madera,28,Tamaulipas,0.4819,0.4203,1.40E-06,0.013,0.0767,7.408692,0
Manejo de desechos y remediación,1,Aguascalientes,0.886653662,0.578232262,15.24006973,0.185,1.5301,10.815,0.0211
Manejo de desechos y remediación,2,Baja California,1.82719231,1.42069231,0.000379815,8.782468985,0.231556476,3.757947007,0.003373301
Manejo de desechos y remediación,5,Coahuila de Zaragoza,0.0264816,0.0262872,0.067827214,0.084,0.436,4.56316,0.0086274
Manejo de desechos y remediación,6,Colima,0.07705,0.07705,0,0.0104,0.0342,0.0002,0
Manejo de desechos y remediación,8,Chihuahua,0.115374,0.081807,0,23.0256,0,0,0
Manejo de desechos y remediación,10,Durango,0.0875,0.0875,0.0068,0.9671,1.1568,0.0627,0.0366
Manejo de desechos y remediación,12,Guerrero,0.003306532,0.003276041,0.010637818,0.0084696,0.04065408,0.000338784,0.00135316
Manejo de desechos y remediación,14,Jalisco,0.758254218,0.572754218,0.008578102,0.800831135,4.748408364,0.070732397,0.076254021
Manejo de desechos y remediación,15,México,4.551635141,3.485467488,0.678660216,12.08850882,5.901697008,0.058845473,0.001587855
Manejo de desechos y remediación,16,Michoacán de Ocampo,0.237978998,0.135078998,3.406283262,0.362707667,1.725656413,0.017336731,0.055490956
Manejo de desechos y remediación,19,Nuevo León,0.7163082,0.5331529,0.364528,0.7963,2.0532,61.8370577,0.0610128
Manejo de desechos y remediación,20,Oaxaca,0.0271,0.0078,1.06E-07,0.001,0.0058,0.0001,0
Manejo de desechos y remediación,21,Puebla,0.426942897,0.425751297,0.030569323,4.471275986,6.66808242,0.30211539,0.006847634
Manejo de desechos y remediación,22,Querétaro,4.1151,2.6803,74.0179,0.6203,6.8236,0.0347,0.0993
Manejo de desechos y remediación,24,San Luis Potosí,0.113379548,0.11326601,0.047586837,1.147983712,1.48048112,0.07445736,0.047653039
Manejo de desechos y remediación,26,Sonora,0.000602133,0.000602133,4.75E-05,0.006655156,0.007922805,0.000435754,0.000254025
Manejo de desechos y remediación,27,Tabasco,1.3223,0.331,7.4895,6.6157,26.4453,14.8388,1.0573
Manejo de desechos y remediación,29,Tlaxcala,0,0,0,0,0.6,0.4,0
Manejo de desechos y remediación,30,Veracruz de Ignacio de la Llave,0.0024,0.0011,0.010500379,0.0127,0.0577,0.2024,0.0015
Metálico,1,Aguascalientes,6.129112214,4.3975165,0.0131,1.9572,2.3968,25.4298,0.0703
Metálico,2,Baja California,36.03033031,29.24709542,0.012431356,782.9845204,114.7300958,1875.93283,0.057921411
Metálico,4,Campeche,0.096,0.024,0.5453,0.48,1.92,0.0192,0.0769
Metálico,5,Coahuila de Zaragoza,273.2138525,205.021732,6.125926379,72.83394979,183.5028983,1392.319578,2.024244461
Metálico,8,Chihuahua,19.34746536,12.63783213,0.275327117,15.82834034,18.81885075,486.6254048,0.477697253
Metálico,9,Distrito Federal,19.06237607,16.92864878,2.325567961,8.863179733,22.24268168,635.3491299,0.428387125
Metálico,10,Durango,2.827111895,2.669943134,0.009727014,0.127393971,0.209400366,18.68514768,0.001198304
Metálico,11,Guanajuato,7.67271701,7.672636552,0.523523353,41.22854236,241.7273253,3.562009954,4.397244615
Metálico,13,Hidalgo,0.817502863,0.439800769,0.404197559,36.98801001,1.729994996,0.375442123,0.002882233
Metálico,14,Jalisco,16.83508046,15.83479984,6.757093418,1.548451696,4.601070531,110.8636089,0.106560482
Metálico,15,México,107.8420973,83.48908173,8.755432262,507.0462241,728.2222198,1330.65764,14.12536928
Metálico,16,Michoacán de Ocampo,0.2983,0.2152,7.69E-06,0.0717,0.4227,0.733847,0
Metálico,17,Morelos,0.6396,0.5567,0,3.2099,5.6354,51.6426,0
Metálico,19,Nuevo León,66.95784269,54.67257925,1.035696616,217.1093262,363.6917693,322.0014883,5.371960042
Metálico,21,Puebla,18.09680939,14.33557569,0.313909723,10.31916117,20.77635378,13.71563246,0.35782383
Metálico,22,Querétaro,31.87569162,29.44746349,1.029696219,12.70855572,26.607224,938.7841004,0.458806617
Metálico,24,San Luis Potosí,0.571122533,0.568422533,0.040957243,5.801175362,7.206075432,0.585218149,0.219250595
Metálico,25,Sinaloa,0.0277,0.0277,1.66E-05,0.1551,0.9144,0.0158,0
Metálico,26,Sonora,4.473115388,3.853735438,0.098090503,10.0475331,30.15683765,13.57849581,1.219463097
Metálico,28,Tamaulipas,2.224052399,2.097634899,0.074063002,10.23399923,12.589272,87.9242751,0.394244382
Metálico,30,Veracruz de Ignacio de la Llave,0.1646,0.1127,0.354428179,0.9532,3.2417,30.824716,0.0641
Metalúrgica (incluye la siderúrgica),1,Aguascalientes,541.7114204,410.8151321,6.715259244,13.18277394,32.8696775,35.64988593,0.353221
Metalúrgica (incluye la siderúrgica),2,Baja California,3.213930989,2.449080113,9.725431319,20.17689673,58.024607,1.956412445,0.772539402
Metalúrgica (incluye la siderúrgica),5,Coahuila de Zaragoza,21774.9155,19412.66771,11107.08201,76185.36743,28662.19864,3343.037956,362.623103
Metalúrgica (incluye la siderúrgica),6,Colima,510.4746438,345.0544083,1381.545515,28.703763,175.8706624,4.33785212,4.582127885
Metalúrgica (incluye la siderúrgica),8,Chihuahua,32.63261578,27.23720822,14.28764785,66.04865815,103.9421253,93.22380438,2.506957287
Metalúrgica (incluye la siderúrgica),9,Distrito Federal,8.562728194,5.350016278,0.372113267,14.3118191,37.53325954,1.849037301,0.850032621
Metalúrgica (incluye la siderúrgica),10,Durango,1829.701277,1249.020318,112.2892858,28.49466363,55.93244107,1.129336411,1.183141443
Metalúrgica (incluye la siderúrgica),11,Guanajuato,413.2443626,307.9493791,35.06891796,154.3444345,316.2207671,10.14283257,6.490622604
Metalúrgica (incluye la siderúrgica),12,Guerrero,0.137321088,0.011535003,21.95374685,73.22805598,336.3563418,21.59492146,1.73E-05
Metalúrgica (incluye la siderúrgica),13,Hidalgo,73.51806849,45.85801534,74.91522966,82.70916485,235.6438419,311.691411,2.850472379
Metalúrgica (incluye la siderúrgica),14,Jalisco,89.22177727,66.80271139,115.9025081,91.05854746,159.3550205,4.996359547,1.78985337
Metalúrgica (incluye la siderúrgica),15,México,265.7099372,150.2713452,128.2040831,1472.11007,547.5597656,899.1948516,16.33441281
Metalúrgica (incluye la siderúrgica),16,Michoacán de Ocampo,1505.53657,1238.526244,11791.69494,3764.592906,11409.08677,291.8077356,165.3224906
Metalúrgica (incluye la siderúrgica),17,Morelos,1.919721,1.732648,0,0.0408,0.0718,16.44574,0
Metalúrgica (incluye la siderúrgica),19,Nuevo León,574.2710582,320.6728895,1272.961175,861.8252165,1477.121297,217.9192191,44.34920323
Metalúrgica (incluye la siderúrgica),21,Puebla,216.3548325,114.6067871,5.981449167,409.3091762,561.2710202,132.1965763,15.66181208
Metalúrgica (incluye la siderúrgica),22,Querétaro,49.67349152,48.01375757,0.952313913,188.2288933,255.3828141,155.2086914,5.077379015
Metalúrgica (incluye la siderúrgica),24,San Luis Potosí,118.6777187,104.4078469,170.4341031,310.3737185,42459.99624,166.4359912,18.89904845
Metalúrgica (incluye la siderúrgica),26,Sonora,1901.961743,1424.346338,96.17290657,394.8452988,1462.417755,89.44252571,6.070145999
Metalúrgica (incluye la siderúrgica),28,Tamaulipas,24.7881868,13.25303782,0.127148802,17.724938,21.1619859,1.160931482,0.677743071
Metalúrgica (incluye la siderúrgica),29,Tlaxcala,23.39738998,20.48266054,72.19894075,36.89285089,65.07119743,2.426968749,1.408147729
Metalúrgica (incluye la siderúrgica),30,Veracruz de Ignacio de la Llave,64.41165409,60.22620208,106.42448,355.0548,791.16554,44.80633,13.5061
Metalúrgica (incluye la siderúrgica),32,Zacatecas,5.635832614,5.237083517,15.65712471,20.3147418,75.00570907,0.852724571,2.02712142
Mezclas químicas,1,Aguascalientes,0.0016,0.0016,0,0.0166,0.0292,0.1434,0
Mezclas químicas,2,Baja California,0.0088,0.0088,0.0007,0.0979,0.1166,0.0064,0.0037
Mezclas químicas,9,Distrito Federal,3.180119516,3.115619268,0.338880688,3.436435323,5.525454999,247.9779342,0.112536761
Mezclas químicas,10,Durango,0.0028,0.0025,0.002,0.0273,0.0519,0.0001,0.0003
Mezclas químicas,11,Guanajuato,0.212894507,0.212855562,0.030061447,2.317183445,2.797599549,0.151444743,0.089761501
Mezclas químicas,13,Hidalgo,0.529815091,0.448846084,3.820204637,2.786159179,6.218892501,1.447167362,0.044980954
Mezclas químicas,14,Jalisco,0.126480345,0.068069545,0.442473694,0.657857038,3.143642912,0.066832127,0.068266137
Mezclas químicas,15,México,96.80649528,20.69691035,214.2027594,217.9028872,353.2483399,816.0804402,1.158372865
Mezclas químicas,16,Michoacán de Ocampo,0.0049,0.0028,0.015701253,0.0255,0.1241,0.0018,0.0022
Mezclas químicas,17,Morelos,0.020346512,0.014946512,0.0409,0.1134,0.2799,1.11011,0.0058
Mezclas químicas,19,Nuevo León,0.0826,0.0812,0.007,0.5788,0.6962,575.96406,0.0224
Mezclas químicas,21,Puebla,0.019,0.0104,0.0659,0.126,0.382,0.0073,0.0113
Mezclas químicas,22,Querétaro,0.138959598,0.132229278,0.404487838,0.50534463,1.908818742,0.026093373,0.058574793
Mezclas químicas,24,San Luis Potosí,0.132326443,0.132326443,0.010446824,1.462555423,1.741137408,0.095762557,0.055825218
Mezclas químicas,27,Tabasco,0.602515,0.39912124,0.000002592,0.0242,0.1426,0.0025,0
Mezclas químicas,28,Tamaulipas,0.070831012,0.070830974,0.001749892,0.424562965,2.19162351,0.039007059,0.013511493
Mezclas químicas,29,Tlaxcala,0.00055255,0.00044255,0.000029336,0.008622767,0.036274085,0.000664836,0.00009912
Mezclas químicas,31,Yucatán,10.8917,8.7062,0,0,0,0,0
Minerales no metálicos,1,Aguascalientes,23.31916278,15.25341928,45.68494157,11.66032,47.75502217,6.5524,0.4842
Minerales no metálicos,2,Baja California,32.46599804,24.67164904,17.27975324,19.32336534,34.33748775,615.8319823,0.010172762
Minerales no metálicos,5,Coahuila de Zaragoza,35.300521,25.736207,14.5291,29.6199,36.439,1.9382,1.1469
Minerales no metálicos,6,Colima,16.140624,9.41018328,0,0,0,0,0
Minerales no metálicos,8,Chihuahua,127.7166438,75.62356126,2.48044,349.9215652,41.41014504,1.4516871,0.1021
Minerales no metálicos,9,Distrito Federal,257.7611417,176.5714111,0.031258052,2.292599986,3.610533782,205.7472248,0.032263362
Minerales no metálicos,10,Durango,0.0012,0.0012,0,0.0128,0.0224,0,0
Minerales no metálicos,11,Guanajuato,20.47458106,20.47390449,1.521314845,121.6764292,606.4746278,10.02809662,11.41682918
Minerales no metálicos,13,Hidalgo,20.84758471,10.84966052,335.0832754,8.782981425,153.2924468,1.645726904,0.533220958
Minerales no metálicos,14,Jalisco,49.38589433,31.6977053,395.8420919,11.2211822,63.12249786,51.01197538,1.387903135
Minerales no metálicos,15,México,62.26473588,40.97027397,4.952137706,93.93160687,118.7513259,38.84076282,1.507697236
Minerales no metálicos,16,Michoacán de Ocampo,17.261644,12.671879,13.05782809,0.3522,6.0479,0.0315,0.0144
Minerales no metálicos,17,Morelos,6.049944414,3.501558184,0.012809815,0.047442964,0.200764746,0.012311877,0
Minerales no metálicos,18,Nayarit,1.20433475,0.79443507,0,0,0,0,0
Minerales no metálicos,19,Nuevo León,277.9899741,186.6035021,82.76484352,353.8188,828.275799,75.8991326,8.7833
Minerales no metálicos,20,Oaxaca,4.4374,2.92865067,0,0,0,0,0
Minerales no metálicos,21,Puebla,0.5632,0.366005,0,0.0054,0.0321,0.0006,0
Minerales no metálicos,22,Querétaro,289.619685,177.4816374,0.386427648,54.1115,64.4183,664.068313,2.0684
Minerales no metálicos,23,Quintana Roo,22.975,16.42850088,0,0,0,0,0
Minerales no metálicos,24,San Luis Potosí,86.193375,70.35557971,0.7062,0.6707,2.544,5.522191,0.1014
Minerales no metálicos,26,Sonora,19.7126424,14.2970054,1.1806,48.0735,59.3136,72.26634,1.9269
Minerales no metálicos,27,Tabasco,52.6086203,27.51541619,6.191355443,3.081919186,10.7990366,1.173316142,0.113823655
Minerales no metálicos,28,Tamaulipas,2.805976507,1.957610507,0.042934243,6.189472448,8.2216672,0.411785696,0.22932598
Minerales no metálicos,29,Tlaxcala,42.84034,17.940769,0.08906,1.69055,76.82877,0,0
Minerales no metálicos,30,Veracruz de Ignacio de la Llave,27.5457424,19.4940232,0.019932204,3.5658,7.8963,22.0404,0.1065
Minerales no metálicos,32,Zacatecas,0.963474,0.515895,0,0,0,0,0
"Muebles, colchones y persianas",9,Distrito Federal,7.287268234,5.977495249,0.079637899,4.320895146,7.126889947,294.7654902,0.03084969
"Muebles, colchones y persianas",14,Jalisco,0.1715,0.1715,0.000100518,0.9604,5.6594,0.0972,0
"Muebles, colchones y persianas",15,México,3.045147466,2.658291617,0.259614054,64.95999042,114.4665255,206.8009305,0.003127332
"Muebles, colchones y persianas",28,Tamaulipas,0.102530889,0.102530889,0.008094544,1.133236138,1.34909064,0.074199985,0.043255219
Otras industrias,1,Aguascalientes,0.4576,0.4576,0.36,5.0565,14.1287,0.33,0.1926
Otras industrias,2,Baja California,0,0,0,0,0,0,0
Otras industrias,3,Baja California Sur,1.882509581,1.865150374,6.056434512,4.822002,23.1456096,0.19288008,0.770395186
Otras industrias,4,Campeche,0.711923992,0.705359119,2.290411205,1.8235758,8.75316384,0.072943032,0.291346627
Otras industrias,5,Coahuila de Zaragoza,0.000556305,0.000556305,3.59E-05,0.002966962,0.017616336,0.000257392,0.000319565
Otras industrias,8,Chihuahua,0.103763955,0.103763955,0.008191891,1.146864768,1.3653152,0.075092336,0.043775419
Otras industrias,9,Distrito Federal,10.92245572,7.071610196,41.66826268,3.005718246,10.84834637,770.5081703,0.221589477
Otras industrias,13,Hidalgo,0.001221178,0.001221178,0.002036671,0.012965386,0.022763686,0.001714874,0
Otras industrias,14,Jalisco,0.242903513,0.212191574,4.367112,0.0366,0.42212,0.0055632,0.00584746
Otras industrias,15,México,0.115508901,0.060971102,0.96506478,719.046527,0.991631847,7.836003867,0.017396855
Otras industrias,24,San Luis Potosí,0.414880795,0.41105505,1.334759746,1.062707462,5.100993428,0.042508315,0.169785148
Otras industrias,26,Sonora,1.158229542,1.158229542,0.091439174,12.80148442,15.2398624,0.838192432,0.488628088
Otras industrias,28,Tamaulipas,0.004123317,0.004123317,0.000325525,0.045573501,0.054254168,0.002983979,0.001739524
Otras industrias,32,Zacatecas,0.03911808,0.03875736,0.1258512,0.1002,0.48096,0.004008,0.01600862
Papel y cartón,1,Aguascalientes,0.0602,0.0531,0.0538,0.586,1.1352,22.2220419,0.0076
Papel y cartón,2,Baja California,4.89282,3.02292,0.172031104,1.81496,20.12137,22.49683,0
Papel y cartón,5,Coahuila de Zaragoza,0.0045,0.0045,2.70E-06,0.0252,0.1484,0.0025,0
Papel y cartón,7,Chiapas,4.86635856,4.06032432,131.7713664,1.1482,12.67592,21.793776,0.18355364
Papel y cartón,8,Chihuahua,0.405022419,0.328732419,0.011273875,24.77734253,2.3217792,0.103343856,0.060244771
Papel y cartón,9,Distrito Federal,1.374558213,1.293532346,0.530885141,5.63726242,8.766855009,756.0570209,0.185551962
Papel y cartón,11,Guanajuato,0.603800637,0.603184497,0.256960153,5.948383653,8.397925353,0.388249086,0.258094809
Papel y cartón,13,Hidalgo,10.52256411,10.52054411,0.92712663,116.2725739,138.5147441,7.621633187,4.42459255
Papel y cartón,14,Jalisco,57.5017,41.7862,913.1989,7.6658,74.6462,485.0663,1.2275
Papel y cartón,15,México,43.63346335,29.14182186,9.08293648,20.20092789,33.11251808,473.5793736,0.551195526
Papel y cartón,16,Michoacán de Ocampo,0.0183,0.0101,0.062604419,0.0963,0.4633,0.0063,0.0088
Papel y cartón,19,Nuevo León,0.4957,0.4957,0.0369,5.4672,6.67,471.146435,0.198
Papel y cartón,21,Puebla,0.0847,0.0465,0.29,0.4442,2.1349,0.0292,0.0409
Papel y cartón,22,Querétaro,2.9473,1.9208,52.76110603,0.5279,5.3109,5.297851,0.0755
Papel y cartón,25,Sinaloa,13.6143,8.9456,240.5583021,3.3711,30.0773,2.2604,0.3296
Papel y cartón,26,Sonora,0.238056326,0.238056326,0.015312691,1.271767072,7.551516993,0.110574032,0.13629
Papel y cartón,29,Tlaxcala,2.466697,1.97173,0.05615,0.56506,1.61517,0,0
Papel y cartón,30,Veracruz de Ignacio de la Llave,0.4819,0.4378,0.0207,2.8964,3.4481,0.1896,0.1107
Papel y cartón,31,Yucatán,1.7717,1.15,31.7455,0.3149,3.1186,0.0169,0.0504
Petróleo y petroquímica,1,Aguascalientes,0.0121,0.0015125,0.0114,0.037,0.1724,1.4941,0
Petróleo y petroquímica,2,Baja California,1.4643,0.183125,1.3725,4.4815,20.819,114.0063759,0.0008
Petróleo y petroquímica,3,Baja California Sur,0.0087,0.0010875,0.0081,0.0265,0.1332,95.49589042,0
Petróleo y petroquímica,4,Campeche,1960.28775,1915.345032,84316.63011,4772.179651,20402.55831,304.1772,14.0133
Petróleo y petroquímica,5,Coahuila de Zaragoza,0.0159,0.0019875,0.0147,0.0483,0.2251,47.52517075,0
Petróleo y petroquímica,6,Colima,3.8621,3.8551,0.0628,6.4527,24.6967,60.16321545,0.0174
Petróleo y petroquímica,7,Chiapas,207.0441278,204.6910548,55.71949,2799.574287,14867.32091,2640.856141,25.568
Petróleo y petroquímica,8,Chihuahua,8.1723,8.16635,0.118,12.8886,50.0744,82.71973662,0.0033
Petróleo y petroquímica,9,Distrito Federal,0.0638,0.00815,0.068,0.1987,0.9174,530.3541,0.0014
Petróleo y petroquímica,10,Durango,0,0,0,0,0,80.23189754,0
Petróleo y petroquímica,11,Guanajuato,1209.3158,813.6589684,22797.1145,1339.8902,2982.2947,1132.412268,66.663
Petróleo y petroquímica,12,Guerrero,0.0109,0.0013625,0.0102,0.0334,0.1551,248.9826345,0
Petróleo y petroquímica,13,Hidalgo,1596.9739,1139.138575,41805.9523,1298.8543,4326.457,2703.686702,74.8953
Petróleo y petroquímica,14,Jalisco,0.0158,0.00205,0.0159,0.0488,0.2262,49.76302779,0.0002
Petróleo y petroquímica,15,México,0.0762,0.0701625,0.0066,0.7571,1.3907,170.9223,0
Petróleo y petroquímica,16,Michoacán de Ocampo,0.1697,0.0386125,0.817,0.7885,3.2151,630.7237177,0.111
Petróleo y petroquímica,17,Morelos,0.0116,0.00145,0.0109,0.0354,0.1646,141.7686,0
Petróleo y petroquímica,18,Nayarit,0.0051,0.0006375,0.0048,0.0156,0.0725,13.42237394,0
Petróleo y petroquímica,19,Nuevo León,1139.2052,797.0360091,19808.40277,1123.6855,3542.0095,709.8129,56.4372
Petróleo y petroquímica,20,Oaxaca,3651.8589,2427.966657,103944.4621,1206.9096,5389.4183,2123.655896,91.1609
Petróleo y petroquímica,21,Puebla,41.0529,41.0146625,1.45,189.0897,470.1589,312.9667,5.4982
Petróleo y petroquímica,22,Querétaro,0.0129,0.0016125,0.0121,0.0395,0.1834,59.50843809,0
Petróleo y petroquímica,24,San Luis Potosí,0.0217,0.0027125,0.0204,0.0668,0.3105,45.62245051,0
Petróleo y petroquímica,25,Sinaloa,0.039,0.0057625,0.0708,0.133,0.5946,79.71124093,0.0058
Petróleo y petroquímica,26,Sonora,0.1287,0.0160875,0.1202,0.3937,1.8296,131.9528177,0
Petróleo y petroquímica,27,Tabasco,742.74365,622.7735866,87161.51212,6856.451008,35738.5278,5207.341045,45.4809
Petróleo y petroquímica,28,Tamaulipas,2068.299028,1360.305041,16474.41809,97404.6057,22649.2424,4852.294535,59.7501
Petróleo y petroquímica,29,Tlaxcala,3.6509,3.6509,0.0498,5.7197,22.3203,0.1465,0
Petróleo y petroquímica,30,Veracruz de Ignacio de la Llave,1969.703975,1532.59772,35723.44573,53797.8044,29645.6868,5984.810934,215.6746
Petróleo y petroquímica,31,Yucatán,0.0163,0.0020375,0.0152,0.0496,0.2304,183.2209384,0
Petróleo y petroquímica,32,Zacatecas,0.0067,0.0008375,0.0064,0.0208,0.0966,20.03018173,0
Pinturas y tintas,1,Aguascalientes,0.0004,0.0004,0,0.0039,0.0068,0.016000363,0
Pinturas y tintas,8,Chihuahua,0.000071744,0.000071744,0.000005664,0.00079296,0.000944,0.00005192,0.000030267
Pinturas y tintas,9,Distrito Federal,277.8737806,270.5809044,13.70089667,12.35697413,53.33631908,2388.54859,1.939203134
Pinturas y tintas,11,Guanajuato,0.122815267,0.122786894,0.01935227,1.331304925,1.613335514,0.086967983,0.051773808
Pinturas y tintas,13,Hidalgo,2.783310547,2.674979466,0.012651882,14.22392467,83.7806288,1.438561664,1.45707257
Pinturas y tintas,14,Jalisco,93.19420231,51.21969911,0.015073382,0.012193536,0.0578304,312.0004927,0.001924587
Pinturas y tintas,15,México,212.1862959,121.4180209,1.740594284,51.50843315,91.61902299,1371.402036,0.231189394
Pinturas y tintas,16,Michoacán de Ocampo,0.193991088,0.116394653,0,0,0,2216.9655,0
Pinturas y tintas,19,Nuevo León,29.50583382,21.21601588,0.475953338,23.13403769,28.8861647,551.3603405,0.894890322
Pinturas y tintas,21,Puebla,0.003395108,0.003364885,0.010551962,0.009022515,0.044021645,0.000390229,0.00140884
Pinturas y tintas,22,Querétaro,0.533015533,0.488027013,0.019982,2.4675,2.96444,244.4516868,0.094
Pinturas y tintas,28,Tamaulipas,0.022164342,0.022164342,0.001430438,0.118209825,0.701870836,0.010255024,0.012732129
Plástico y hule,1,Aguascalientes,3.902266353,2.752633111,17.3165,130.1511732,3418.981,469.2416,0.023
Plástico y hule,2,Baja California,50.40131,35.674716,2919.169119,73.40076,275.86882,1457.653387,3.8255
Plástico y hule,3,Baja California Sur,0.0374,0.0094,0.2127,0.1872,0.7488,0.0075,0.03
Plástico y hule,5,Coahuila de Zaragoza,9.602342915,7.710340283,0.238449338,28.75748232,37.17222162,17.99610881,1.077028263
Plástico y hule,6,Colima,0,0,0,0,0,0.02025,0
Plástico y hule,8,Chihuahua,0.696348881,0.543372681,0.00768293,1.192600938,25.73768359,131.3371676,0.042460899
Plástico y hule,9,Distrito Federal,53.08450558,43.17244203,3.207377277,9.06074455,18.48494675,2275.925055,0.34554903
Plástico y hule,10,Durango,0.1213,0.1213,0.0088,1.3374,1.6503,3.4693,0.047
Plástico y hule,11,Guanajuato,2.017497143,1.858162251,22.71616594,8.176371689,13.38847342,0.559331883,0.360000918
Plástico y hule,13,Hidalgo,0.633140817,0.632995377,1.063154589,6.716984744,11.79440754,6.992868539,0.00008631
Plástico y hule,14,Jalisco,13.84565827,10.09115827,147.2610001,2.968570226,23.07285447,396.3850218,0.2427216
Plástico y hule,15,México,227.4270547,123.9458084,22.68362715,64.54409503,110.3008188,3924.385288,1.587691667
Plástico y hule,16,Michoacán de Ocampo,21.8603,15.3475,87.82774245,4.1113,15.541,4.062785,0.3013
Plástico y hule,17,Morelos,1.020176554,0.694235109,52.01513161,0.873147218,5.315223801,2.318835394,0.070197868
Plástico y hule,19,Nuevo León,14.53924561,11.25049041,0.0578,8.8763,11.2705,559.0884905,0.2772
Plástico y hule,21,Puebla,8.920512455,6.440991611,72.9017,13.7398,23.0521,88.093656,0.5939
Plástico y hule,22,Querétaro,22.42495105,18.16918173,0.007205929,1.151742923,3.954014058,19.40111236,0.023352033
Plástico y hule,24,San Luis Potosí,0.026140762,0.026140762,0.00210585,0.289018944,0.3440416,0.018970288,0.011078134
Plástico y hule,25,Sinaloa,6.9481,4.6489,118.132571,3.1358,23.3979,129.72618,0.1697
Plástico y hule,26,Sonora,0.0327,0.0327,0.004219035,0.1813,1.0613,11.5556871,0.0006
Plástico y hule,28,Tamaulipas,1.270669137,1.100071984,0.065777132,7.465321227,9.012491255,15.00476775,0.284108393
Plástico y hule,29,Tlaxcala,12.32027834,8.735868332,0.008511445,17.8673123,9.832243832,0.001983246,7.72E-06
Plástico y hule,30,Veracruz de Ignacio de la Llave,0.1494,0.0375,0.8491,0.7473,2.9894,22.8898,0.1198
Plástico y hule,31,Yucatán,0.0114,0.0114,0.00080076,0.1191,0.1751,0.008,0.0043
Química,1,Aguascalientes,1.486889525,0.795302728,0.5164,0.484,1.8704,300.4051968,0.0728
Química,2,Baja California,14.63864006,14.63863163,0.898855552,83.89716123,448.0134602,6.838473721,7.899043134
Química,4,Campeche,714.4099,714.4099,9.742,1119.2268,1004.55789,28.6627,0
Química,5,Coahuila de Zaragoza,141.85089,139.619926,1.812935998,192.0684498,1661.35087,12.57047679,7.394477158
Química,6,Colima,7.300448858,4.664092542,36.86988988,0.309816461,3.568647739,15.27203883,0.049455839
Química,8,Chihuahua,0.196392966,0.195782766,0.222756607,1.567317488,2.677722371,0.098109644,0.08138988
Química,9,Distrito Federal,106.5768844,105.3953753,3.205381721,84.01829848,122.379744,5.472321563,3.547016417
Química,10,Durango,12.30079243,8.067034829,16.76126,10.4802,8.394554103,0.6701,0.5803
Química,11,Guanajuato,117.6414719,104.1987637,263.3768207,234.8406067,441.2401008,534.7124657,9.007430739
Química,13,Hidalgo,31.92211798,31.56811218,4.297005926,46.5094992,122.3982515,1344.617709,1.397112899
Química,14,Jalisco,308.8490739,232.7401523,5755.258488,268.1962797,740.4289266,6249.018365,16.62387222
Química,15,México,182.7046355,147.5559751,70.00897007,554.7151144,748.5281866,1569.164748,23.73217276
Química,16,Michoacán de Ocampo,495.5923429,321.2065692,6200.56644,77.67736847,547.0640522,15.93505361,9.574340838
Química,17,Morelos,17.15368446,7.136762055,84.899,33.5117,189.2272,272.5659541,0.938
Química,19,Nuevo León,200.93823,115.0123055,108.508338,349.6789897,1328.241635,3626.482824,12.11384609
Química,21,Puebla,22.89597907,18.77191794,294.3527586,41.61172993,77.9201466,161.521506,1.969952877
Química,22,Querétaro,37.0509283,31.16014932,1939.914997,129.5928341,209.1849078,645.3260718,5.8936363
Química,24,San Luis Potosí,6.710613598,4.632293191,6.822924295,21.31580037,26.070343,319.4928477,0.823908812
Química,26,Sonora,22.36484847,16.48709758,398.5492264,4.739941892,41.51170047,803.8711522,0.620135938
Química,27,Tabasco,18.4262042,18.4262042,1.4547872,203.6586037,548.2931426,13.334899,7.7841771
Química,28,Tamaulipas,258.6227634,229.4222827,2378.706434,1211.080171,693.0744491,13995.67277,13.75966124
Química,29,Tlaxcala,19.49095277,17.85241983,94.60950022,28.12392857,28.52592605,1278.128555,1.094100473
Química,30,Veracruz de Ignacio de la Llave,152.5457163,140.275307,561.7033222,384.6485806,800.0909228,591.3202537,15.5766264
Química,31,Yucatán,2.432926299,2.432926299,0.192033655,26.89071173,32.0127092,1.760658506,1.02735797
SECTOR,0,ENTFED,0,0,0,0,0,0,0
Tratamiento de residuos peligrosos,1,Aguascalientes,0.0051,0.0051,0,0.0544,0.0954,0,0
Tratamiento de residuos peligrosos,2,Baja California,0.069434368,0.069434368,0.050828889,0.338709297,0.618572328,0.003065567,0.00070218
Tratamiento de residuos peligrosos,5,Coahuila de Zaragoza,0.076757249,0.058104814,0.03884368,0.978675956,3.45811005,0.012742356,0.010200881
Tratamiento de residuos peligrosos,6,Colima,0.008797891,0.00872414,0.025730918,0.0294864,0.11403472,0.001219456,0.003273044
Tratamiento de residuos peligrosos,9,Distrito Federal,0.006801986,0.006760946,0.014470156,0.023940938,0.12918182,0.00154396,0.003172098
Tratamiento de residuos peligrosos,11,Guanajuato,0.152804606,0.103504606,0.69752944,0.155524564,0.90344585,32.9415218,0.0163323
Tratamiento de residuos peligrosos,13,Hidalgo,0.125358482,0.095126304,0.188909307,0.820300158,2.062218646,0.03671508,0.028223986
Tratamiento de residuos peligrosos,14,Jalisco,0.031856198,0.027828403,0.572736,0.0048,0.05536,0.0007296,0.00076688
Tratamiento de residuos peligrosos,15,México,4.120848276,4.103318685,0.142058681,123.9035961,217.0507379,5.392937274,0.075298681
Tratamiento de residuos peligrosos,16,Michoacán de Ocampo,0.000323531,0.000323531,0.00002088,0.001725501,0.01024516,0.000149692,0.00018585
Tratamiento de residuos peligrosos,19,Nuevo León,0.020516287,0.020129075,0.001545154,0.196315579,0.373600943,0.013227396,0.00916859
Tratamiento de residuos peligrosos,21,Puebla,0.000429814,0.000429814,2.78E-05,0.002310557,0.013551851,0.000199698,0.000246418
Tratamiento de residuos peligrosos,22,Querétaro,0.171456016,0.171456016,0.013536001,1.895040175,2.256000208,0.124080011,0.072333007
Tratamiento de residuos peligrosos,26,Sonora,0,0,0,0,0,0,0
Tratamiento de residuos peligrosos,27,Tabasco,0.503,0.4388,0.8544,1.6496,7.4049,0.39,0.0642
Tratamiento de residuos peligrosos,28,Tamaulipas,0.114096307,0.077469215,29.8440162,8.4034973,3.5352624,0.0152963,0
Tratamiento de residuos peligrosos,30,Veracruz de Ignacio de la Llave,0.6761,0.169175,0.6313,2.0693,9.6086,0.6193,0
Tratamiento de residuos peligrosos,31,Yucatán,0.00063,0.00063,0,0.0669,0.1175,0.0029,0
Vidrio,2,Baja California,98.489629,82.78932841,0.919044949,159.0489139,885.2444254,8.424628703,4.913285838
Vidrio,9,Distrito Federal,0.984876339,0.984876339,0.077753395,10.88547533,12.9588992,0.712739456,0.415494706
Vidrio,14,Jalisco,154.4279553,148.150198,503.13021,321.168303,1934.866593,22.2306774,4.263204051
Vidrio,15,México,205.393331,198.7375763,18.52490249,309.81574,2125.708663,532.8505403,11.53111059
Vidrio,17,Morelos,126.6805053,105.5841878,1007.5749,12.125062,1567.3473,4.271459046,1.746842572
Vidrio,19,Nuevo León,748.2007518,689.1533116,544.7068711,482.4574194,3278.346697,30.58233562,16.32309436
Vidrio,22,Querétaro,160.6458545,158.4697772,1.83986732,257.5680744,982.8588532,29.78400616,9.835724403
Vidrio,24,San Luis Potosí,19.64760371,18.20718856,1.217636643,171.2028348,192.7247549,426.6196943,6.5151
Vidrio,29,Tlaxcala,3.550001049,3.550001049,0.280263241,39.2368537,46.71054012,2.569079707,1.497656693
Vidrio,30,Veracruz de Ignacio de la Llave,10.61211473,8.982192648,4.7377101,127.9473624,448.1070099,11.2468071,4.3139
Notas:,,,,,,,,,
Cantidades en toneladas.,,,,,,,,,
"* Si se muestran ""blancos"" en la posicion de cifras, representan valores no reportados o nulos.",,,,,,,,,
